experiment,batch,trial,condition,treatment,dose,protein,background,density
diclofenac,2,1,control,DMSO,,sma,141898396,164880
diclofenac,2,1,tgfb,DMSO,,sma,189108624,10693845
diclofenac,2,1,control,diclofenac,,sma,84410626,26010
diclofenac,2,1,tgfb,diclofenac,,sma,182710948,422865
diclofenac,2,1,control,ketoprofen,,sma,168865574,75510
diclofenac,2,1,tgfb,ketoprofen,,sma,144539916,1133955
diclofenac,2,1,control,salicylate,,sma,158760158,96705
diclofenac,2,1,tgfb,salicylate,,sma,244789694,4292550
diclofenac,2,2,control,DMSO,,sma,129321010,35640
diclofenac,2,2,tgfb,DMSO,,sma,371061418,610020
diclofenac,2,2,control,diclofenac,,sma,41110524,19485
diclofenac,2,2,tgfb,diclofenac,,sma,143345566,220815
diclofenac,2,2,control,ketoprofen,,sma,81589508,25380
diclofenac,2,2,tgfb,ketoprofen,,sma,106084342,31860
diclofenac,2,2,control,salicylate,,sma,129585638,35955
diclofenac,2,2,tgfb,salicylate,,sma,167441820,75825
diclofenac,2,4,control,DMSO,,sma,135768381,133940543
diclofenac,2,4,tgfb,DMSO,,sma,176093760,286772599
diclofenac,2,4,control,diclofenac,,sma,147335685,4991799
diclofenac,2,4,tgfb,diclofenac,,sma,190487046,1410895
diclofenac,2,4,control,ketoprofen,,sma,166749930,108851590
diclofenac,2,4,tgfb,ketoprofen,,sma,180240870,143109641
diclofenac,2,4,control,salicylate,,sma,197853963,54637927
diclofenac,2,4,tgfb,salicylate,,sma,193514277,154076250
diclofenac,2,3,control,DMSO,,sma,192008520,150160101
diclofenac,2,3,tgfb,DMSO,,sma,279579960,208602981
diclofenac,2,3,control,diclofenac,,sma,180120780,47166420
diclofenac,2,3,tgfb,diclofenac,,sma,218224800,14937558
diclofenac,2,3,control,ketoprofen,,sma,213509160,47108043
diclofenac,2,3,tgfb,ketoprofen,,sma,186034500,103218039
diclofenac,2,3,control,salicylate,,sma,223898220,78695307
diclofenac,2,3,tgfb,salicylate,,sma,203170320,50182626
diclofenac,1,1,control,DMSO,,sma,71835104,34178
diclofenac,1,1,tgfb,DMSO,,sma,49618390,9746710
diclofenac,1,1,control,diclofenac,,sma,35410786,32890
diclofenac,1,1,tgfb,diclofenac,,sma,49307424,47150
diclofenac,1,1,control,ketoprofen,,sma,46872384,52302
diclofenac,1,1,tgfb,ketoprofen,,sma,40552672,823262
diclofenac,1,1,control,salicylate,,sma,33047124,11500
diclofenac,1,1,tgfb,salicylate,,sma,46632796,677764
diclofenac,1,2,tgfb,DMSO,,sma,14067400,479964
diclofenac,1,2,control,DMSO,,sma,11567680,45218
diclofenac,1,2,tgfb,diclofenac,,sma,8922180,49634
diclofenac,1,2,control,diclofenac,,sma,13880180,33994
diclofenac,1,2,tgfb,ketoprofen,,sma,9710280,35052
diclofenac,1,2,control,ketoprofen,,sma,8639500,33258
diclofenac,1,2,tgfb,salicylate,,sma,12295470,128570
diclofenac,1,2,control,salicylate,,sma,12067920,49588
diclofenac,1,5,control,DMSO,,sma,11713536,37788
diclofenac,1,5,tgfb,DMSO,,sma,9382398,1444498
diclofenac,1,5,control,diclofenac,,sma,13628034,20727
diclofenac,1,5,tgfb,diclofenac,,sma,7087530,20069
diclofenac,1,5,control,ketoprofen,,sma,7832832,42911
diclofenac,1,5,tgfb,ketoprofen,,sma,10222188,112612
diclofenac,1,5,control,salicylate,,sma,7943502,21150
diclofenac,1,5,tgfb,salicylate,,sma,11390826,61147
sirna,1,2,control,siCTL,,sma,191396832,49648680
sirna,1,2,tgfb,siCTL,,sma,174997680,1126990980
sirna,1,2,control,siMCT1,,sma,110440528,2174040
sirna,1,2,tgfb,siMCT1,,sma,170059824,78532740
sirna,1,2,control,siMCT4,,sma,206511184,1423620
sirna,1,2,tgfb,siMCT4,,sma,133042800,382556160
sirna,1,2,control,siMCT1/4,,sma,119881520,600300
sirna,1,2,tgfb,siMCT1/4,,sma,128184496,55032840
sirna,1,3,control,siCTL,,sma,137912559,41838150
sirna,1,3,tgfb,siCTL,,sma,151538904,1364117541
sirna,1,3,control,siMCT1,,sma,203401143,31455085
sirna,1,3,tgfb,siMCT1,,sma,149678280,43055194
sirna,1,3,control,siMCT4,,sma,234736515,768164
sirna,1,3,tgfb,siMCT4,,sma,154132839,485389510
sirna,1,3,control,siMCT1/4,,sma,118605222,851967
sirna,1,3,tgfb,siMCT1/4,,sma,136301859,71319611
sirna,1,5,control,siCTL,,sma,145737410,111195180
sirna,1,5,tgfb,siCTL,,sma,200390372,2101838220
sirna,1,5,control,siMCT1,,sma,126277424,51424920
sirna,1,5,tgfb,siMCT1,,sma,157531920,20966940
sirna,1,5,control,siMCT4,,sma,333799284,619740
sirna,1,5,tgfb,siMCT4,,sma,183861132,197355420
sirna,1,5,control,siMCT1/4,,sma,257820472,1065060
sirna,1,5,tgfb,siMCT1/4,,sma,137613658,35510580
sirna,1,6,control,siCTL,,sma,99429480,2026024
sirna,1,6,tgfb,siCTL,,sma,111802680,612785992
sirna,1,6,control,siMCT1,,sma,92665620,420238
sirna,1,6,tgfb,siMCT1,,sma,81466380,20007624
sirna,1,6,control,siMCT4,,sma,95645700,201656
sirna,1,6,tgfb,siMCT4,,sma,106017480,1754116
sirna,1,6,control,siMCT1/4,,sma,66640140,480480
sirna,1,6,tgfb,siMCT1/4,,sma,127861020,207378990
sirna,1,3,control,siCTL,,mct1,126048825,433305
sirna,1,3,control,siMCT1,,mct1,169313900,150840
sirna,1,3,control,siMCT4,,mct1,117852000,366750
sirna,1,3,control,siMCT1/4,,mct1,149299850,241380
sirna,1,3,tgfb,siCTL,,mct1,148611400,232965
sirna,1,3,tgfb,siMCT1,,mct1,121399075,106650
sirna,1,3,tgfb,siMCT4,,mct1,138890150,495135
sirna,1,3,tgfb,siMCT1/4,,mct1,174074775,679680
sirna,1,3,control,siCTL,,mct4,200053440,212590872
sirna,1,3,control,siMCT1,,mct4,193560840,65243412
sirna,1,3,control,siMCT4,,mct4,198049860,1160328
sirna,1,3,control,siMCT1/4,,mct4,161995860,399672
sirna,1,3,tgfb,siMCT1/4,,mct4,177141780,309660
sirna,1,3,tgfb,siMCT4,,mct4,121999500,418860
sirna,1,3,tgfb,siMCT1,,mct4,227051820,13685100
sirna,1,3,tgfb,siCTL,,mct4,223306740,419731728
sirna,1,4,control,siCTL,,mct1,158421060,185152
sirna,1,4,control,siMCT1,,mct1,269594280,58212
sirna,1,4,control,siMCT4,,mct1,209261700,160160
sirna,1,4,control,siMCT1/4,,mct1,281655720,34364
sirna,1,4,tgfb,siCTL,,mct1,210224520,75724
sirna,1,4,tgfb,siMCT1,,mct1,138897360,37532
sirna,1,4,tgfb,siMCT4,,mct1,198028620,70884
sirna,1,4,tgfb,siMCT1/4,,mct1,230001120,35552
sirna,1,4,control,siCTL,,mct4,114304554,360875712
sirna,1,4,control,siMCT1,,mct4,112882770,290784030
sirna,1,4,control,siMCT4,,mct4,140299614,337404
sirna,1,4,control,siMCT1/4,,mct4,114814154,440076
sirna,1,4,tgfb,siCTL,,mct4,99829002,470876856
sirna,1,4,tgfb,siMCT1,,mct4,170612624,39050886
sirna,1,4,tgfb,siMCT4,,mct4,144693276,394692
sirna,1,4,tgfb,siMCT1/4,,mct4,178724546,445842
sirna,1,5,control,siCTL,,mct1,570973448,181035
sirna,1,5,control,siMCT1,,mct1,533801174,40860
sirna,1,5,control,siMCT4,,mct1,594808360,242550
sirna,1,5,control,siMCT1/4,,mct1,660673344,12690
sirna,1,5,tgfb,siCTL,,mct1,685048486,568260
sirna,1,5,tgfb,siMCT1,,mct1,598837390,53100
sirna,1,5,tgfb,siMCT4,,mct1,581356722,112635
sirna,1,5,tgfb,siMCT1/4,,mct1,795189190,28080
sirna,1,5,control,siCTL,,mct4,115816610,432906
sirna,1,5,control,siMCT1,,mct4,119004522,79902
sirna,1,5,control,siMCT4,,mct4,187028296,10894
sirna,1,5,control,siMCT1/4,,mct4,144669798,4002
sirna,1,5,tgfb,siCTL,,mct4,134099056,3625674
sirna,1,5,tgfb,siMCT1,,mct4,153206326,664516
sirna,1,5,tgfb,siMCT4,,mct4,133083496,4784
sirna,1,5,tgfb,siMCT1/4,,mct4,126386988,32292
sirna,1,6,control,siCTL,,mct1,159830176,15299100
sirna,1,6,control,siMCT1,,mct1,108813584,10890
sirna,1,6,control,siMCT4,,mct1,87842480,4351950
sirna,1,6,control,siMCT1/4,,mct1,112934272,103905
sirna,1,6,tgfb,siCTL,,mct1,100709312,23053365
sirna,1,6,tgfb,siMCT1,,mct1,123936032,27675
sirna,1,6,tgfb,siMCT4,,mct1,58722048,12918555
sirna,1,6,tgfb,siMCT1/4,,mct1,141942240,4121865
sirna,1,6,control,siCTL,,mct4,159830176,23544900
sirna,1,6,control,siMCT1,,mct4,108813584,6479685
sirna,1,6,control,siMCT4,,mct4,87842480,47070
sirna,1,6,control,siMCT1/4,,mct4,112934272,77130
sirna,1,6,tgfb,siCTL,,mct4,100709312,19494900
sirna,1,6,tgfb,siMCT1,,mct4,123936032,6789330
sirna,1,6,tgfb,siMCT4,,mct4,58722048,18225
sirna,1,6,tgfb,siMCT1/4,,mct4,141942240,298170
ar,1,3,control,DMSO,,sma,208593088,10485
ar,1,3,tgfb,DMSO,,sma,139864208,363330
ar,1,3,control,AR-C155858,low,sma,101251040,17235
ar,1,3,tgfb,AR-C155858,low,sma,150938832,195165
ar,1,4,control,DMSO,,sma,179135792,16920
ar,1,4,tgfb,DMSO,,sma,197209056,6720165
ar,1,4,control,AR-C155858,low,sma,307337712,18135
ar,1,4,tgfb,AR-C155858,low,sma,223800192,11755125
ar,1,5,control,DMSO,,sma,163935718,7470
ar,1,5,tgfb,DMSO,,sma,126051621,10449900
ar,1,5,control,AR-C155858,low,sma,110443358,12510
ar,1,5,tgfb,AR-C155858,low,sma,99358962,349380
ar,1,6,control,DMSO,,sma,78885479,3240
ar,1,6,tgfb,DMSO,,sma,121412657,1440135
ar,1,6,tgfb,AR-C155858,low,sma,176228722,264645
ar,1,6,control,AR-C155858,low,sma,224485511,6210
dual,1,5,control,DMSO,,sma,154661584,23580
dual,1,5,tgfb,DMSO,,sma,175373616,8558775
dual,1,5,control,AR-C155858,high,sma,149778992,32715
dual,1,5,tgfb,AR-C155858,high,sma,152213952,4509045
dual,1,5,control,VB124,high,sma,169878720,38565
dual,1,5,tgfb,VB124,high,sma,157471248,9052875
dual,1,5,control,AR/VB,high,sma,246513872,157860
dual,1,5,tgfb,AR/VB,high,sma,223029664,8557560
dual,1,6,control,DMSO,,sma,261057386,408540
dual,1,6,tgfb,DMSO,,sma,241717174,18388436
dual,1,6,control,AR-C155858,high,sma,241247660,88748
dual,1,6,tgfb,AR-C155858,high,sma,224338640,8968256
dual,1,6,control,VB124,high,sma,180079072,496276
dual,1,6,tgfb,VB124,high,sma,184728057,5271200
dual,1,6,control,AR/VB,high,sma,195290312,677424
dual,1,6,tgfb,AR/VB,high,sma,144595651,1334740
dual,1,7,control,DMSO,,sma,265191843,987300
dual,1,7,tgfb,DMSO,,sma,266644128,12877245
dual,1,7,control,AR-C155858,high,sma,249995685,860085
dual,1,7,tgfb,AR-C155858,high,sma,250331277,11632095
dual,1,7,control,VB124,high,sma,265427784,553770
dual,1,7,tgfb,VB124,high,sma,263095455,5455170
dual,1,7,control,AR/VB,high,sma,291887160,1753515
dual,1,7,tgfb,AR/VB,high,sma,317133732,14072445
dual,2,2,control,DMSO,,sma,549142680,1767504
dual,2,2,tgfb,DMSO,,sma,648725778,17245906
dual,2,2,control,AZD3965,,sma,595560282,1238734
dual,2,2,tgfb,AZD3965,,sma,525473994,10061212
dual,2,2,control,VB124,,sma,527357058,575644
dual,2,2,tgfb,VB124,,sma,619443240,5314196
dual,2,2,control,AZD/VB,,sma,504590472,496248
dual,2,2,tgfb,AZD/VB,,sma,519056994,290490
dual,2,3,control,DMSO,,sma,431701134,839316
dual,2,3,tgfb,DMSO,,sma,511006854,18610036
dual,2,3,control,AZD3965,,sma,563922864,860568
dual,2,3,tgfb,AZD3965,,sma,669536862,13694016
dual,2,3,control,VB124,,sma,508063296,527436
dual,2,3,tgfb,VB124,,sma,416139096,11020266
dual,2,3,control,AZD/VB,,sma,646655514,668610
dual,2,3,tgfb,AZD/VB,,sma,710312892,3350916
dual,2,4,control,DMSO,,sma,761817027,601515
dual,2,4,tgfb,DMSO,,sma,615573963,17206785
dual,2,4,control,AZD3965,,sma,545793306,303660
dual,2,4,tgfb,AZD3965,,sma,632312322,12903705
dual,2,4,control,VB124,,sma,517507290,23265
dual,2,4,tgfb,VB124,,sma,508699947,17228430
dual,2,4,control,AZD/VB,,sma,794746638,552375
dual,2,4,tgfb,AZD/VB,,sma,784589139,16792335
dual,2,6,control,DMSO,,sma,448761198,3082
dual,2,6,tgfb,DMSO,,sma,529117428,3100400
dual,2,6,control,AZD3965,,sma,513884454,3956
dual,2,6,tgfb,AZD3965,,sma,500307138,189566
dual,2,6,control,VB124,,sma,580643898,3404
dual,2,6,tgfb,VB124,,sma,562784598,423936
dual,2,6,control,AZD/VB,,sma,606523776,2852
dual,2,6,tgfb,AZD/VB,,sma,443478279,41078
untreated,1,1,control,none,,mct4,211411566,11995425
untreated,1,1,tgfb,none,,mct4,292980156,11137500
untreated,1,2,control,none,,mct4,361206252,3999780
untreated,1,2,tgfb,none,,mct4,296071788,7132545
untreated,1,3,control,none,,mct4,277511382,7905510
untreated,1,3,tgfb,none,,mct4,294867186,12307365
untreated,1,4,control,none,,mct4,232306008,3982635
untreated,1,4,tgfb,none,,mct4,274109682,7561125
untreated,1,1,control,none,,sma,183871306,29164
untreated,1,1,tgfb,none,,sma,160729470,9616806
untreated,1,2,control,none,,sma,219675423,49496
untreated,1,2,tgfb,none,,sma,335198085,20704738
untreated,1,3,control,none,,sma,200465501,18032
untreated,1,3,tgfb,none,,sma,245307328,533186
untreated,1,4,control,none,,sma,232597254,17848
untreated,1,4,tgfb,none,,sma,311168409,14522476
ipf,1,1,control,none,,sma,275273262,6856484
ipf,1,1,control,none,,sma,200812590,1058690
ipf,1,1,control,none,,sma,287544019,8153454
ipf,1,1,ipf,none,,sma,230460825,17460054
ipf,1,1,ipf,none,,sma,401222105,12925990
ipf,1,1,ipf,none,,sma,254893929,21334626
ipf,1,1,control,none,,mct1,323444454,10031182
ipf,1,1,control,none,,mct1,232417367,5737459
ipf,1,1,control,none,,mct1,270738272,8109348
ipf,1,1,ipf,none,,mct1,212372766,14213328
ipf,1,1,ipf,none,,mct1,314348265,24994704
ipf,1,1,ipf,none,,mct1,307819336,32367870
ipf,1,1,control,none,,mct4,328571490,1004410
ipf,1,1,control,none,,mct4,240965070,444498
ipf,1,1,control,none,,mct4,351815807,3788376
ipf,1,1,ipf,none,,mct4,306880552,5463172
ipf,1,1,ipf,none,,mct4,410879788,27734460
ipf,1,1,ipf,none,,mct4,383696880,17101500
dual,3,4,control,DMSO,,lactylk,114073414,95275260
dual,3,4,tgfb,DMSO,,lactylk,131852994,106281675
dual,3,4,control,AZD3965,,lactylk,96268900,75813795
dual,3,4,tgfb,AZD3965,,lactylk,114301824,93006135
dual,3,4,control,VB124,,lactylk,88300030,64359315
dual,3,4,tgfb,VB124,,lactylk,132462512,74099025
dual,3,4,control,AZD/VB,,lactylk,98020286,66936960
dual,3,4,tgfb,AZD/VB,,lactylk,154755328,125589960
dual,3,1,control,DMSO,,lactylk,186289791,132830550
dual,3,1,tgfb,DMSO,,lactylk,188104236,96086700
dual,3,1,control,AZD3965,,lactylk,259339182,129310110
dual,3,1,tgfb,AZD3965,,lactylk,145763343,88185015
dual,3,1,control,VB124,,lactylk,186782976,110606670
dual,3,1,tgfb,VB124,,lactylk,193148814,119361060
dual,3,1,control,AZD/VB,,lactylk,276962631,134941500
dual,3,1,tgfb,AZD/VB,,lactylk,205442937,131632200
dual,3,2,control,DMSO,,lactylk,196741080,95677648
dual,3,2,tgfb,DMSO,,lactylk,273083400,100922316
dual,3,2,control,AZD3965,,lactylk,226659600,89075536
dual,3,2,tgfb,AZD3965,,lactylk,273519360,100243968
dual,3,2,control,VB124,,lactylk,256255740,87982664
dual,3,2,tgfb,VB124,,lactylk,234981180,77048180
dual,3,2,control,AZD/VB,,lactylk,196293420,126971592
dual,3,2,tgfb,AZD/VB,,lactylk,208465920,136593556
dual,3,1,control,DMSO,,psmad3,2279662020,1061900
dual,3,1,tgfb,DMSO,,psmad3,2600621820,357384665
dual,3,1,control,AZD3965,,psmad3,2261233800,686535
dual,3,1,tgfb,AZD3965,,psmad3,2523689820,379226135
dual,3,1,control,VB124,,psmad3,2430155700,3236020
dual,3,1,tgfb,VB124,,psmad3,2177578800,392098435
dual,3,1,control,AZD/VB,,psmad3,3061580580,8875190
dual,3,1,tgfb,AZD/VB,,psmad3,2952246960,282638190
dual,3,1,control,DMSO,,perk,1275573552,3156842
dual,3,1,tgfb,DMSO,,perk,1539628640,9846852
dual,3,1,control,AZD3965,,perk,1770153088,5965142
dual,3,1,tgfb,AZD3965,,perk,1643291760,15096004
dual,3,1,control,VB124,,perk,1768493408,4733906
dual,3,1,tgfb,VB124,,perk,1686296656,13255452
dual,3,1,control,AZD/VB,,perk,1858994544,5408358
dual,3,1,tgfb,AZD/VB,,perk,2034905664,33885118
dual,3,1,control,DMSO,,erk,1275573552,22151438
dual,3,1,tgfb,DMSO,,erk,1539628640,14891626
dual,3,1,control,AZD3965,,erk,1770153088,22437374
dual,3,1,tgfb,AZD3965,,erk,1643291760,16261874
dual,3,1,control,VB124,,erk,1768493408,21760484
dual,3,1,tgfb,VB124,,erk,1686296656,18070594
dual,3,1,control,AZD/VB,,erk,1858994544,26652998
dual,3,1,tgfb,AZD/VB,,erk,2034905664,29971116
dual,3,1,control,DMSO,,ampk,3142093914,7503750
dual,3,1,tgfb,DMSO,,ampk,2439281740,206145
dual,3,1,control,AZD3965,,ampk,2511202818,1777275
dual,3,1,tgfb,AZD3965,,ampk,2305190424,42930
dual,3,1,control,VB124,,ampk,2456423318,1184175
dual,3,1,tgfb,VB124,,ampk,2418029608,289440
dual,3,1,control,AZD/VB,,ampk,2972090742,2459205
dual,3,1,tgfb,AZD/VB,,ampk,2796037172,5225625
dual,3,1,control,DMSO,,sma,3142093914,8100
dual,3,1,tgfb,DMSO,,sma,2439281740,10004490
dual,3,1,control,AZD3965,,sma,2511202818,17775
dual,3,1,tgfb,AZD3965,,sma,2305190424,4016925
dual,3,1,control,VB124,,sma,2456423318,13140
dual,3,1,tgfb,VB124,,sma,2418029608,4951350
dual,3,1,control,AZD/VB,,sma,2972090742,11430
dual,3,1,tgfb,AZD/VB,,sma,2796037172,8826255
dual,3,1,control,DMSO,,pampk,3389427360,271450
dual,3,1,tgfb,DMSO,,pampk,2792198112,6100950
dual,3,1,control,AZD3965,,pampk,2927641376,649700
dual,3,1,tgfb,AZD3965,,pampk,2842225232,5704544
dual,3,1,control,VB124,,pampk,2869388896,579390
dual,3,1,tgfb,VB124,,pampk,2718001792,10520334
dual,3,1,control,AZD/VB,,pampk,3042752240,564616
dual,3,1,tgfb,AZD/VB,,pampk,2981214720,22645694
dual,3,2,control,DMSO,,ampk,2179541884,6265665
dual,3,2,tgfb,DMSO,,ampk,2207122928,3241125
dual,3,2,control,AZD3965,,ampk,2387894261,3377700
dual,3,2,tgfb,AZD3965,,ampk,2058884591,1283400
dual,3,2,control,VB124,,ampk,1901452515,999855
dual,3,2,tgfb,VB124,,ampk,2177659125,562815
dual,3,2,control,AZD/VB,,ampk,2317161481,2467845
dual,3,2,tgfb,AZD/VB,,ampk,2459447061,3273615
dual,3,2,control,DMSO,,sma,2179541884,14766
dual,3,2,tgfb,DMSO,,sma,2207122928,7002948
dual,3,2,control,AZD3965,,sma,2387894261,10534
dual,3,2,tgfb,AZD3965,,sma,2058884591,676108
dual,3,2,control,VB124,,sma,1901452515,14168
dual,3,2,tgfb,VB124,,sma,2177659125,10654060
dual,3,2,control,AZD/VB,,sma,2317161481,39100
dual,3,2,tgfb,AZD/VB,,sma,2459447061,5601466
dual,3,2,control,DMSO,,erk,646195702,20798685
dual,3,2,tgfb,DMSO,,erk,660448547,18686070
dual,3,2,control,AZD3965,,erk,555662760,17031690
dual,3,2,tgfb,AZD3965,,erk,694169571,12790755
dual,3,2,control,VB124,,erk,690507579,15435855
dual,3,2,tgfb,VB124,,erk,579621187,11539845
dual,3,2,control,AZD/VB,,erk,455087938,15774390
dual,3,2,tgfb,AZD/VB,,erk,734610220,22357035
dual,3,2,control,DMSO,,pampk,2601166204,440115
dual,3,2,tgfb,DMSO,,pampk,2218723159,143655366
dual,3,2,control,AZD3965,,pampk,2129644733,41093565
dual,3,2,tgfb,AZD3965,,pampk,2128376466,95162562
dual,3,2,control,VB124,,pampk,2158869717,29311476
dual,3,2,tgfb,VB124,,pampk,1967040487,196344726
dual,3,2,control,AZD/VB,,pampk,2019096811,44604054
dual,3,2,tgfb,AZD/VB,,pampk,2756502395,228990828
dual,3,2,control,DMSO,,perk,646195702,25275804
dual,3,2,tgfb,DMSO,,perk,660448547,28511996
dual,3,2,control,AZD3965,,perk,555662760,21975488
dual,3,2,tgfb,AZD3965,,perk,694169571,25076486
dual,3,2,control,VB124,,perk,690507579,5547462
dual,3,2,tgfb,VB124,,perk,579621187,13671292
dual,3,2,control,AZD/VB,,perk,455087938,8795844
dual,3,2,tgfb,AZD/VB,,perk,734610220,21190222
dual,3,2,control,DMSO,,psmad3,656301420,31346394
dual,3,2,tgfb,DMSO,,psmad3,726876620,175546428
dual,3,2,control,AZD3965,,psmad3,607330428,19185900
dual,3,2,tgfb,AZD3965,,psmad3,829017396,150182166
dual,3,2,control,VB124,,psmad3,547397156,21266310
dual,3,2,tgfb,VB124,,psmad3,696814292,145273440
dual,3,2,control,AZD/VB,,psmad3,625444040,9583278
dual,3,2,tgfb,AZD/VB,,psmad3,619359044,36283392
dual,3,3,control,DMSO,,erk,464256000,16747344
dual,3,3,tgfb,DMSO,,erk,547960320,4638624
dual,3,3,control,AZD3965,,erk,475608576,4650048
dual,3,3,tgfb,AZD3965,,erk,547355136,1662768
dual,3,3,control,VB124,,erk,527238720,6056928
dual,3,3,tgfb,VB124,,erk,411490560,1804800
dual,3,3,control,AZD/VB,,erk,485555328,9518736
dual,3,3,tgfb,AZD/VB,,erk,796514880,10492752
dual,3,3,control,DMSO,,perk,464256000,24977760
dual,3,3,tgfb,DMSO,,perk,547960320,14269440
dual,3,3,control,AZD3965,,perk,475608576,16923216
dual,3,3,tgfb,AZD3965,,perk,547355136,14103216
dual,3,3,control,VB124,,perk,527238720,15265008
dual,3,3,tgfb,VB124,,perk,411490560,9867792
dual,3,3,control,AZD/VB,,perk,485555328,17743488
dual,3,3,tgfb,AZD/VB,,perk,796514880,17345088
dual,3,3,control,DMSO,,ampk,653330496,7240722
dual,3,3,tgfb,DMSO,,ampk,614412890,3858802
dual,3,3,control,AZD3965,,ampk,456316770,3605756
dual,3,3,tgfb,AZD3965,,ampk,624452374,773352
dual,3,3,control,VB124,,ampk,596744148,2870446
dual,3,3,tgfb,VB124,,ampk,577124366,1114534
dual,3,3,control,AZD/VB,,ampk,658758464,3273912
dual,3,3,tgfb,AZD/VB,,ampk,814777782,2424660
dual,3,3,control,DMSO,,pampk,512207963,19136
dual,3,3,tgfb,DMSO,,pampk,692795156,1203544
dual,3,3,control,AZD3965,,pampk,499112502,35282
dual,3,3,tgfb,AZD3965,,pampk,524131869,2630050
dual,3,3,control,VB124,,pampk,767117209,23184
dual,3,3,tgfb,VB124,,pampk,609394223,123326
dual,3,3,control,AZD/VB,,pampk,590011387,31372
dual,3,3,tgfb,AZD/VB,,pampk,732315134,5105402
dual,3,3,control,DMSO,,psmad3,2161310580,919080
dual,3,3,tgfb,DMSO,,psmad3,1719056340,116036472
dual,3,3,control,AZD3965,,psmad3,1291504680,573160
dual,3,3,tgfb,AZD3965,,psmad3,1401659820,47085232
dual,3,3,control,VB124,,psmad3,1302889500,940240
dual,3,3,tgfb,VB124,,psmad3,1737274140,80892656
dual,3,3,control,AZD/VB,,psmad3,1675302120,913928
dual,3,3,tgfb,AZD/VB,,psmad3,1908635220,34758888
dual,3,4,control,DMSO,,erk,2311639364,23177008
dual,3,4,tgfb,DMSO,,erk,2501967822,8036890
dual,3,4,control,AZD3965,,erk,2102424216,11186464
dual,3,4,tgfb,AZD3965,,erk,1836194600,2236704
dual,3,4,control,VB124,,erk,2307366118,13359504
dual,3,4,tgfb,VB124,,erk,1793616822,3259698
dual,3,4,control,AZD/VB,,erk,2408256162,14912510
dual,3,4,tgfb,AZD/VB,,erk,2931690260,10607738
dual,3,4,control,DMSO,,perk,2311639364,26882078
dual,3,4,tgfb,DMSO,,perk,2501967822,21370082
dual,3,4,control,AZD3965,,perk,2102424216,10688238
dual,3,4,tgfb,AZD3965,,perk,1836194600,20255318
dual,3,4,control,VB124,,perk,2307366118,8244672
dual,3,4,tgfb,VB124,,perk,1793616822,16434558
dual,3,4,control,AZD/VB,,perk,2408256162,14705832
dual,3,4,tgfb,AZD/VB,,perk,2931690260,18796566
dual,3,4,control,DMSO,,ampk,1120292280,1446700
dual,3,4,tgfb,DMSO,,ampk,817008120,287224
dual,3,4,control,AZD3965,,ampk,816155460,1165318
dual,3,4,tgfb,AZD3965,,ampk,823684680,84088
dual,3,4,control,VB124,,ampk,838849140,1377516
dual,3,4,tgfb,VB124,,ampk,857208600,77464
dual,3,4,control,AZD/VB,,ampk,867156840,706560
dual,3,4,tgfb,AZD/VB,,ampk,1010460780,2348438
dual,3,4,control,DMSO,,pampk,546476544,45181422
dual,3,4,tgfb,DMSO,,pampk,413883264,22917708
dual,3,4,control,AZD3965,,pampk,355843392,34061148
dual,3,4,tgfb,AZD3965,,pampk,364826304,26473194
dual,3,4,control,VB124,,pampk,405638976,25369146
dual,3,4,tgfb,VB124,,pampk,519124800,64787580
dual,3,4,control,AZD/VB,,pampk,588276288,189661626
dual,3,4,tgfb,AZD/VB,,pampk,815650560,536315076
dual,3,4,control,DMSO,,psmad3,409244825,14000503
dual,3,4,tgfb,DMSO,,psmad3,521588254,373585982
dual,3,4,control,AZD3965,,psmad3,425148614,20928853
dual,3,4,tgfb,AZD3965,,psmad3,425692597,399576177
dual,3,4,control,VB124,,psmad3,608823567,65204843
dual,3,4,tgfb,VB124,,psmad3,648509829,459680408
dual,3,4,control,AZD/VB,,psmad3,553047451,35826582
dual,3,4,tgfb,AZD/VB,,psmad3,582603923,380472257
dual,4,1,control,DMSO,,col1a1,427709392,92424144
dual,4,1,tgfb,DMSO,,col1a1,531577200,155172057
dual,4,1,control,AZD3965,,col1a1,456312912,65008146
dual,4,1,tgfb,AZD3965,,col1a1,545124096,341554554
dual,4,1,control,VB124,,col1a1,465078240,91757906
dual,4,1,tgfb,VB124,,col1a1,449751280,222565557
dual,4,1,control,AZD/VB,,col1a1,612558144,39493665
dual,4,1,tgfb,AZD/VB,,col1a1,750388320,246895953
dual,4,1,control,DMSO,,mct4,427709392,5411721
dual,4,1,tgfb,DMSO,,mct4,531577200,17655550
dual,4,1,control,AZD3965,,mct4,456312912,5410452
dual,4,1,tgfb,AZD3965,,mct4,545124096,15904612
dual,4,1,control,VB124,,mct4,465078240,8508081
dual,4,1,tgfb,VB124,,mct4,449751280,11770210
dual,4,1,control,AZD/VB,,mct4,612558144,7906387
dual,4,1,tgfb,AZD/VB,,mct4,750388320,22096533
dual,4,1,control,DMSO,,mct1,427709392,11396450
dual,4,1,tgfb,DMSO,,mct1,531577200,33915600
dual,4,1,control,AZD3965,,mct1,456312912,12528600
dual,4,1,tgfb,AZD3965,,mct1,545124096,28080100
dual,4,1,control,VB124,,mct1,465078240,13994350
dual,4,1,tgfb,VB124,,mct1,449751280,17378250
dual,4,1,control,AZD/VB,,mct1,612558144,17373450
dual,4,1,tgfb,AZD/VB,,mct1,750388320,32584000
dual,4,1,control,DMSO,,fn1,357836760,78200
dual,4,1,tgfb,DMSO,,fn1,729924480,24092350
dual,4,1,control,AZD3965,,fn1,387856620,118000
dual,4,1,tgfb,AZD3965,,fn1,619213500,31589400
dual,4,1,control,VB124,,fn1,441049500,367000
dual,4,1,tgfb,VB124,,fn1,454114800,26335150
dual,4,1,control,AZD/VB,,fn1,450181620,1270900
dual,4,1,tgfb,AZD/VB,,fn1,300128940,19390400
dual,4,1,control,DMSO,,sma,357836760,16606
dual,4,1,tgfb,DMSO,,sma,729924480,13755288
dual,4,1,control,AZD3965,,sma,387856620,20194
dual,4,1,tgfb,AZD3965,,sma,619213500,12562692
dual,4,1,control,VB124,,sma,441049500,20976
dual,4,1,tgfb,VB124,,sma,454114800,14969090
dual,4,1,control,AZD/VB,,sma,450181620,25024
dual,4,1,tgfb,AZD/VB,,sma,300128940,9208832
dual,4,1,control,DMSO,,smad3,361772962,17339194
dual,4,1,tgfb,DMSO,,smad3,532727986,3063370
dual,4,1,control,AZD3965,,smad3,421587423,18789804
dual,4,1,tgfb,AZD3965,,smad3,514864323,2359892
dual,4,1,control,VB124,,smad3,464018478,19786486
dual,4,1,tgfb,VB124,,smad3,569160572,2160068
dual,4,1,control,AZD/VB,,smad3,520635641,19122982
dual,4,1,tgfb,AZD/VB,,smad3,613329180,3029192
dual,4,1,control,DMSO,,psmad3,361772962,2114436
dual,4,1,tgfb,DMSO,,psmad3,532727986,6969920
dual,4,1,control,AZD3965,,psmad3,421587423,1357874
dual,4,1,tgfb,AZD3965,,psmad3,514864323,10254734
dual,4,1,control,VB124,,psmad3,464018478,782736
dual,4,1,tgfb,VB124,,psmad3,569160572,12192944
dual,4,1,control,AZD/VB,,psmad3,520635641,3074456
dual,4,1,tgfb,AZD/VB,,psmad3,613329180,11492548
dual,4,2,control,DMSO,,col1a1,617650881,1240512
dual,4,2,tgfb,DMSO,,col1a1,560256507,311697386
dual,4,2,control,AZD3965,,col1a1,560082516,1695148
dual,4,2,tgfb,AZD3965,,col1a1,627619698,298392822
dual,4,2,control,VB124,,col1a1,784523472,24930178
dual,4,2,tgfb,VB124,,col1a1,859123485,623331254
dual,4,2,control,AZD/VB,,col1a1,675525102,23400468
dual,4,2,tgfb,AZD/VB,,col1a1,860057868,349172460
dual,4,2,control,DMSO,,mct4,617650881,6273850
dual,4,2,tgfb,DMSO,,mct4,560256507,9060100
dual,4,2,control,AZD3965,,mct4,560082516,7623900
dual,4,2,tgfb,AZD3965,,mct4,627619698,11405900
dual,4,2,control,VB124,,mct4,784523472,8318150
dual,4,2,tgfb,VB124,,mct4,859123485,11927950
dual,4,2,control,AZD/VB,,mct4,675525102,12672750
dual,4,2,tgfb,AZD/VB,,mct4,860057868,27750050
dual,4,2,control,DMSO,,mct1,757338380,11403672
dual,4,2,tgfb,DMSO,,mct1,788235264,24365887
dual,4,2,control,AZD3965,,mct1,621939654,11885391
dual,4,2,tgfb,AZD3965,,mct1,650631296,14880712
dual,4,2,control,VB124,,mct1,636005036,11007556
dual,4,2,tgfb,VB124,,mct1,649848630,22754816
dual,4,2,control,AZD/VB,,mct1,680607564,16386727
dual,4,2,tgfb,AZD/VB,,mct1,598042620,13960688
dual,4,2,control,DMSO,,fn1,757338380,45199015
dual,4,2,tgfb,DMSO,,fn1,788235264,365558335
dual,4,2,control,AZD3965,,fn1,621939654,20015705
dual,4,2,tgfb,AZD3965,,fn1,650631296,333470640
dual,4,2,control,VB124,,fn1,636005036,35808600
dual,4,2,tgfb,VB124,,fn1,649848630,261286785
dual,4,2,control,AZD/VB,,fn1,680607564,1843155
dual,4,2,tgfb,AZD/VB,,fn1,598042620,428620025
dual,4,2,control,DMSO,,sma,757338380,7500
dual,4,2,tgfb,DMSO,,sma,788235264,18166600
dual,4,2,control,AZD3965,,sma,621939654,13400
dual,4,2,tgfb,AZD3965,,sma,650631296,9054550
dual,4,2,control,VB124,,sma,636005036,7750
dual,4,2,tgfb,VB124,,sma,649848630,10170050
dual,4,2,control,AZD/VB,,sma,680607564,6750
dual,4,2,tgfb,AZD/VB,,sma,598042620,2522800
dual,4,2,control,DMSO,,smad3,309518661,12868650
dual,4,2,tgfb,DMSO,,smad3,307398732,5116140
dual,4,2,control,AZD3965,,smad3,331310547,19765035
dual,4,2,tgfb,AZD3965,,smad3,313390713,6013530
dual,4,2,control,VB124,,smad3,245977785,15872400
dual,4,2,tgfb,VB124,,smad3,303605976,4566465
dual,4,2,control,AZD/VB,,smad3,364241043,20133405
dual,4,2,tgfb,AZD/VB,,smad3,370783317,7060770
dual,4,2,control,DMSO,,psmad3,309518661,430008
dual,4,2,tgfb,DMSO,,psmad3,307398732,3632022
dual,4,2,control,AZD3965,,psmad3,331310547,526286
dual,4,2,tgfb,AZD3965,,psmad3,313390713,2994048
dual,4,2,control,VB124,,psmad3,245977785,456504
dual,4,2,tgfb,VB124,,psmad3,303605976,3150172
dual,4,2,control,AZD/VB,,psmad3,364241043,429364
dual,4,2,tgfb,AZD/VB,,psmad3,370783317,5239860
dual,4,3,control,DMSO,,col1a1,743524334,562016
dual,4,3,tgfb,DMSO,,col1a1,555559538,57382780
dual,4,3,control,AZD3965,,col1a1,651138596,6645912
dual,4,3,tgfb,AZD3965,,col1a1,501799622,129684464
dual,4,3,control,VB124,,col1a1,568386752,260442
dual,4,3,tgfb,VB124,,col1a1,629195112,162929676
dual,4,3,control,AZD/VB,,col1a1,557192154,379288
dual,4,3,tgfb,AZD/VB,,col1a1,776284878,166456472
dual,4,3,control,DMSO,,mct4,743524334,4318020
dual,4,3,tgfb,DMSO,,mct4,555559538,12972322
dual,4,3,control,AZD3965,,mct4,651138596,4827286
dual,4,3,tgfb,AZD3965,,mct4,501799622,10448210
dual,4,3,control,VB124,,mct4,568386752,8227284
dual,4,3,tgfb,VB124,,mct4,629195112,14070434
dual,4,3,control,AZD/VB,,mct4,557192154,7263814
dual,4,3,tgfb,AZD/VB,,mct4,776284878,17204276
dual,4,3,control,DMSO,,mct1,628384240,4464576
dual,4,3,tgfb,DMSO,,mct1,496759296,8589534
dual,4,3,control,AZD3965,,mct1,555574448,3456946
dual,4,3,tgfb,AZD3965,,mct1,555524464,14521694
dual,4,3,control,VB124,,mct1,514750720,3352066
dual,4,3,tgfb,VB124,,mct1,540281632,9784614
dual,4,3,control,AZD/VB,,mct1,688084144,5979080
dual,4,3,tgfb,AZD/VB,,mct1,723614320,13522068
dual,4,3,control,DMSO,,fn1,628384240,396528
dual,4,3,tgfb,DMSO,,fn1,496759296,77218240
dual,4,3,control,AZD3965,,fn1,555574448,550528
dual,4,3,tgfb,AZD3965,,fn1,555524464,181266096
dual,4,3,control,VB124,,fn1,514750720,690976
dual,4,3,tgfb,VB124,,fn1,540281632,164166464
dual,4,3,control,AZD/VB,,fn1,688084144,901824
dual,4,3,tgfb,AZD/VB,,fn1,723614320,285252528
dual,4,3,control,DMSO,,sma,628384240,64582
dual,4,3,tgfb,DMSO,,sma,496759296,17751377
dual,4,3,control,AZD3965,,sma,555574448,120099
dual,4,3,tgfb,AZD3965,,sma,555524464,15118313
dual,4,3,control,VB124,,sma,514750720,47334
dual,4,3,tgfb,VB124,,sma,540281632,15982967
dual,4,3,control,AZD/VB,,sma,688084144,271264
dual,4,3,tgfb,AZD/VB,,sma,723614320,16141727
dual,4,3,control,DMSO,,smad3,413389402,14462464
dual,4,3,tgfb,DMSO,,smad3,715941825,5790823
dual,4,3,control,AZD3965,,smad3,364749911,14078662
dual,4,3,tgfb,AZD3965,,smad3,342178011,1650875
dual,4,3,control,VB124,,smad3,353160019,11391813
dual,4,3,tgfb,VB124,,smad3,618246489,4680260
dual,4,3,control,AZD/VB,,smad3,450704816,16450940
dual,4,3,tgfb,AZD/VB,,smad3,476626164,2481130
dual,4,3,control,DMSO,,psmad3,413389402,3595030
dual,4,3,tgfb,DMSO,,psmad3,715941825,15932671
dual,4,3,control,AZD3965,,psmad3,364749911,2254402
dual,4,3,tgfb,AZD3965,,psmad3,342178011,7564274
dual,4,3,control,VB124,,psmad3,353160019,2296420
dual,4,3,tgfb,VB124,,psmad3,618246489,14603746
dual,4,3,control,AZD/VB,,psmad3,450704816,2877481
dual,4,3,tgfb,AZD/VB,,psmad3,476626164,15630978
dual,4,4,control,DMSO,,col1a1,563394780,
dual,4,4,tgfb,DMSO,,col1a1,542974320,
dual,4,4,control,AZD3965,,col1a1,548376480,
dual,4,4,tgfb,AZD3965,,col1a1,587677140,
dual,4,4,control,VB124,,col1a1,452102760,
dual,4,4,tgfb,VB124,,col1a1,762699960,
dual,4,4,control,AZD/VB,,col1a1,591745140,
dual,4,4,tgfb,AZD/VB,,col1a1,487511100,
dual,4,4,control,DMSO,,mct4,563394780,812064
dual,4,4,tgfb,DMSO,,mct4,542974320,5152944
dual,4,4,control,AZD3965,,mct4,548376480,1283376
dual,4,4,tgfb,AZD3965,,mct4,587677140,3016896
dual,4,4,control,VB124,,mct4,452102760,943104
dual,4,4,tgfb,VB124,,mct4,762699960,6174720
dual,4,4,control,AZD/VB,,mct4,591745140,3565056
dual,4,4,tgfb,AZD/VB,,mct4,487511100,15116880
dual,4,4,control,DMSO,,mct1,656958128,
dual,4,4,tgfb,DMSO,,mct1,516826204,
dual,4,4,control,AZD3965,,mct1,458862284,
dual,4,4,tgfb,AZD3965,,mct1,438104102,
dual,4,4,control,VB124,,mct1,604087144,
dual,4,4,tgfb,VB124,,mct1,473770674,
dual,4,4,control,AZD/VB,,mct1,702995692,
dual,4,4,tgfb,AZD/VB,,mct1,752872716,
dual,4,4,control,DMSO,,fn1,656958128,2415460
dual,4,4,tgfb,DMSO,,fn1,516826204,193260118
dual,4,4,control,AZD3965,,fn1,458862284,1108050
dual,4,4,tgfb,AZD3965,,fn1,438104102,81886052
dual,4,4,control,VB124,,fn1,604087144,489678
dual,4,4,tgfb,VB124,,fn1,473770674,1660918
dual,4,4,control,AZD/VB,,fn1,702995692,783734
dual,4,4,tgfb,AZD/VB,,fn1,752872716,234545794
dual,4,4,control,DMSO,,sma,563394780,860880
dual,4,4,tgfb,DMSO,,sma,542974320,16954656
dual,4,4,control,AZD3965,,sma,548376480,824352
dual,4,4,tgfb,AZD3965,,sma,587677140,15394368
dual,4,4,control,VB124,,sma,452102760,728160
dual,4,4,tgfb,VB124,,sma,762699960,16099440
dual,4,4,control,AZD/VB,,sma,591745140,1192368
dual,4,4,tgfb,AZD/VB,,sma,487511100,9352512
dual,4,4,control,DMSO,,smad3,656958128,15414232
dual,4,4,tgfb,DMSO,,smad3,516826204,4128316
dual,4,4,control,AZD3965,,smad3,458862284,11780922
dual,4,4,tgfb,AZD3965,,smad3,438104102,2302668
dual,4,4,control,VB124,,smad3,604087144,10231550
dual,4,4,tgfb,VB124,,smad3,473770674,2183022
dual,4,4,control,AZD/VB,,smad3,702995692,15296840
dual,4,4,tgfb,AZD/VB,,smad3,752872716,5372754
dual,4,4,control,DMSO,,psmad3,656958128,93472
dual,4,4,tgfb,DMSO,,psmad3,516826204,525826
dual,4,4,control,AZD3965,,psmad3,458862284,100510
dual,4,4,tgfb,AZD3965,,psmad3,438104102,447948
dual,4,4,control,VB124,,psmad3,604087144,201066
dual,4,4,tgfb,VB124,,psmad3,473770674,357144
dual,4,4,control,AZD/VB,,psmad3,702995692,426604
dual,4,4,tgfb,AZD/VB,,psmad3,752872716,483644
dual,4,5,control,DMSO,,col1a1,413825823,77177303
dual,4,5,tgfb,DMSO,,col1a1,439745172,83830523
dual,4,5,control,AZD3965,,col1a1,423274083,59884125
dual,4,5,tgfb,AZD3965,,col1a1,463175547,78349138
dual,4,5,control,VB124,,col1a1,362524143,68344906
dual,4,5,tgfb,VB124,,col1a1,447350508,104571194
dual,4,5,control,AZD/VB,,col1a1,508635519,46964883
dual,4,5,tgfb,AZD/VB,,col1a1,456285999,105887138
dual,4,5,control,DMSO,,mct4,413825823,4596734
dual,4,5,tgfb,DMSO,,mct4,439745172,10453132
dual,4,5,control,AZD3965,,mct4,423274083,7784948
dual,4,5,tgfb,AZD3965,,mct4,463175547,13478782
dual,4,5,control,VB124,,mct4,362524143,6111054
dual,4,5,tgfb,VB124,,mct4,447350508,15312066
dual,4,5,control,AZD/VB,,mct4,508635519,18423828
dual,4,5,tgfb,AZD/VB,,mct4,456285999,21085066
dual,4,5,control,DMSO,,mct1,413825823,11665830
dual,4,5,tgfb,DMSO,,mct1,439745172,14804226
dual,4,5,control,AZD3965,,mct1,423274083,13162762
dual,4,5,tgfb,AZD3965,,mct1,463175547,17816536
dual,4,5,control,VB124,,mct1,362524143,10391722
dual,4,5,tgfb,VB124,,mct1,447350508,15355904
dual,4,5,control,AZD/VB,,mct1,508635519,15447996
dual,4,5,tgfb,AZD/VB,,mct1,456285999,17062458
dual,4,5,control,DMSO,,fn1,672729624,42789476
dual,4,5,tgfb,DMSO,,fn1,652464099,62543946
dual,4,5,control,AZD3965,,fn1,540641493,40542928
dual,4,5,tgfb,AZD3965,,fn1,730249506,67596770
dual,4,5,control,VB124,,fn1,634293072,40556912
dual,4,5,tgfb,VB124,,fn1,882509607,68874006
dual,4,5,control,AZD/VB,,fn1,778088052,22874742
dual,4,5,tgfb,AZD/VB,,fn1,787798872,51342394
dual,4,5,control,DMSO,,sma,413825823,703662
dual,4,5,tgfb,DMSO,,sma,439745172,12234114
dual,4,5,control,AZD3965,,sma,423274083,850356
dual,4,5,tgfb,AZD3965,,sma,463175547,17590998
dual,4,5,control,VB124,,sma,362524143,725604
dual,4,5,tgfb,VB124,,sma,447350508,13374132
dual,4,5,control,AZD/VB,,sma,508635519,2129432
dual,4,5,tgfb,AZD/VB,,sma,456285999,8561382
dual,4,5,control,DMSO,,smad3,672729624,
dual,4,5,tgfb,DMSO,,smad3,652464099,
dual,4,5,control,AZD3965,,smad3,540641493,
dual,4,5,tgfb,AZD3965,,smad3,730249506,
dual,4,5,control,VB124,,smad3,634293072,
dual,4,5,tgfb,VB124,,smad3,882509607,
dual,4,5,control,AZD/VB,,smad3,778088052,
dual,4,5,tgfb,AZD/VB,,smad3,787798872,
dual,4,5,control,DMSO,,psmad3,672729624,
dual,4,5,tgfb,DMSO,,psmad3,652464099,
dual,4,5,control,AZD3965,,psmad3,540641493,
dual,4,5,tgfb,AZD3965,,psmad3,730249506,
dual,4,5,control,VB124,,psmad3,634293072,
dual,4,5,tgfb,VB124,,psmad3,882509607,
dual,4,5,control,AZD/VB,,psmad3,778088052,
dual,4,5,tgfb,AZD/VB,,psmad3,787798872,
dual,5,1,control,DMSO,,col1a1,287126526,
dual,5,1,tgfb,DMSO,,col1a1,192186360,
dual,5,1,control,AZD3965,,col1a1,226913304,
dual,5,1,tgfb,AZD3965,,col1a1,220826082,
dual,5,1,control,VB124,,col1a1,180396564,
dual,5,1,tgfb,VB124,,col1a1,190559604,
dual,5,1,control,AZD/VB,,col1a1,266491500,
dual,5,1,tgfb,AZD/VB,,col1a1,230400990,
dual,5,1,control,DMSO,,mct1,287126526,210847765
dual,5,1,tgfb,DMSO,,mct1,192186360,308007746
dual,5,1,control,AZD3965,,mct1,226913304,183064905
dual,5,1,tgfb,AZD3965,,mct1,220826082,313238472
dual,5,1,control,VB124,,mct1,180396564,133036084
dual,5,1,tgfb,VB124,,mct1,190559604,234355854
dual,5,1,control,AZD/VB,,mct1,266491500,153623210
dual,5,1,tgfb,AZD/VB,,mct1,230400990,360095547
dual,5,1,control,DMSO,,mct4,213280288,63690860
dual,5,1,tgfb,DMSO,,mct4,164981208,136913002
dual,5,1,control,AZD3965,,mct4,190384984,45924804
dual,5,1,tgfb,AZD3965,,mct4,165731008,154886866
dual,5,1,control,VB124,,mct4,131171024,62160186
dual,5,1,tgfb,VB124,,mct4,154763504,244062474
dual,5,1,control,AZD/VB,,mct4,202069904,158875137
dual,5,1,tgfb,AZD/VB,,mct4,246292832,308299594
dual,5,1,control,DMSO,,fn1,672729624,197291400
dual,5,1,tgfb,DMSO,,fn1,652464099,270845550
dual,5,1,control,AZD3965,,fn1,540641493,148600325
dual,5,1,tgfb,AZD3965,,fn1,730249506,394840690
dual,5,1,control,VB124,,fn1,634293072,104734605
dual,5,1,tgfb,VB124,,fn1,882509607,369461650
dual,5,1,control,AZD/VB,,fn1,778088052,132822600
dual,5,1,tgfb,AZD/VB,,fn1,787798872,323493590
dual,5,1,control,DMSO,,sma,672729624,463300
dual,5,1,tgfb,DMSO,,sma,652464099,18806350
dual,5,1,control,AZD3965,,sma,540641493,210600
dual,5,1,tgfb,AZD3965,,sma,730249506,19289850
dual,5,1,control,VB124,,sma,634293072,152300
dual,5,1,tgfb,VB124,,sma,882509607,19795900
dual,5,1,control,AZD/VB,,sma,778088052,702100
dual,5,1,tgfb,AZD/VB,,sma,787798872,10867950
dual,5,1,control,DMSO,,col3a1,672729624,1425200
dual,5,1,tgfb,DMSO,,col3a1,652464099,3890500
dual,5,1,control,AZD3965,,col3a1,540641493,1305350
dual,5,1,tgfb,AZD3965,,col3a1,730249506,2456100
dual,5,1,control,VB124,,col3a1,634293072,989050
dual,5,1,tgfb,VB124,,col3a1,882509607,3360500
dual,5,1,control,AZD/VB,,col3a1,778088052,957100
dual,5,1,tgfb,AZD/VB,,col3a1,787798872,3063500
dual,4,3,control,DMSO,,col3a1,268555176,14137088
dual,4,3,tgfb,DMSO,,col3a1,278591640,12631278
dual,4,3,control,AZD3965,,col3a1,220701560,13750504
dual,4,3,tgfb,AZD3965,,col3a1,250846464,10083200
dual,4,3,control,VB124,,col3a1,247548448,5324500
dual,4,3,tgfb,VB124,,col3a1,217524616,8289016
dual,4,3,control,AZD/VB,,col3a1,206843416,8074656
dual,4,3,tgfb,AZD/VB,,col3a1,299200560,8091170
dual,4,3,control,DMSO,,cnn1,268555176,32289
dual,4,3,tgfb,DMSO,,cnn1,278591640,9085899
dual,4,3,control,AZD3965,,cnn1,220701560,49773
dual,4,3,tgfb,AZD3965,,cnn1,250846464,6260823
dual,4,3,control,VB124,,cnn1,247548448,27589
dual,4,3,tgfb,VB124,,cnn1,217524616,8179410
dual,4,3,control,AZD/VB,,cnn1,206843416,489176
dual,4,3,tgfb,AZD/VB,,cnn1,299200560,14780889
six,1,1,control,DMSO,,hif1a,779935320,2836834
six,1,1,tgfb,DMSO,,hif1a,683552340,54347020
six,1,1,control,AZD3965,,hif1a,749914380,2774590
six,1,1,tgfb,AZD3965,,hif1a,795937500,104218296
six,1,1,control,VB124,,hif1a,779848740,2427516
six,1,1,tgfb,VB124,,hif1a,820402020,115173786
six,1,1,control,AZD/VB,,hif1a,845049060,3931928
six,1,1,tgfb,AZD/VB,,hif1a,912903300,606109686
six,1,2,control,DMSO,,hif1a,1266930675,14080
six,1,2,tgfb,DMSO,,hif1a,1447289464,294932
six,1,2,control,AZD3965,,hif1a,1380397701,65736
six,1,2,tgfb,AZD3965,,hif1a,1746997577,461780
six,1,2,control,VB124,,hif1a,1554236773,13904
six,1,2,tgfb,VB124,,hif1a,1592616700,179564
six,1,2,control,AZD/VB,,hif1a,1519805586,104764
six,1,2,tgfb,AZD/VB,,hif1a,1863407184,532884
six,1,3,control,DMSO,,hif1a,1629570678,15142832
six,1,3,tgfb,DMSO,,hif1a,1858006701,78704712
six,1,3,control,AZD3965,,hif1a,2326266219,23209392
six,1,3,tgfb,AZD3965,,hif1a,2147540292,159746040
six,1,3,control,VB124,,hif1a,1602078684,21545480
six,1,3,tgfb,VB124,,hif1a,1861440501,160181016
six,1,3,control,AZD/VB,,hif1a,1920426282,40690496
six,1,3,tgfb,AZD/VB,,hif1a,1916665917,613335112
six,1,4,control,DMSO,,hif1a,1720468112,47397600
six,1,4,tgfb,DMSO,,hif1a,1790773248,296706060
six,1,4,control,AZD3965,,hif1a,1530766336,73298340
six,1,4,tgfb,AZD3965,,hif1a,1431531024,412301880
six,1,4,control,VB124,,hif1a,1601435440,73900260
six,1,4,tgfb,VB124,,hif1a,1330878208,221571720
six,1,4,control,AZD/VB,,hif1a,1886476240,145758420
six,1,4,tgfb,AZD/VB,,hif1a,2275387312,667342260
six,1,5,control,DMSO,,hif1a,1421548228,161978512
six,1,5,tgfb,DMSO,,hif1a,2094674452,176263536
six,1,5,control,AZD3965,,hif1a,1678048008,39673160
six,1,5,tgfb,AZD3965,,hif1a,2350797584,269470392
six,1,5,control,VB124,,hif1a,1821390696,184071944
six,1,5,tgfb,VB124,,hif1a,2439225314,110500832
six,1,5,control,AZD/VB,,hif1a,2179132248,92551264
six,1,5,tgfb,AZD/VB,,hif1a,2362533480,270723432
ipf,2,1,control,none,,sma,513041045,5353676
ipf,2,1,control,none,,sma,457462027,30738
ipf,2,1,control,none,,sma,585487463,6124711
ipf,2,1,ipf,none,,sma,398528603,12867989
ipf,2,1,ipf,none,,sma,603197672,5803701
ipf,2,1,ipf,none,,sma,719179373,16631608
ipf,2,1,ipf,none,,sma,795958207,28649085
ipf,2,1,ipf,none,,sma,823670485,12924765
ipf,2,1,ipf,none,,sma,768951106,20705239
ipf,2,1,control,none,,mct4,513041045,25622
ipf,2,1,control,none,,mct4,457462027,3588
ipf,2,1,control,none,,mct4,585487463,32798
ipf,2,1,ipf,none,,mct4,398528603,71760
ipf,2,1,ipf,none,,mct4,603197672,69782
ipf,2,1,ipf,none,,mct4,719179373,1629964
ipf,2,1,ipf,none,,mct4,795958207,1729784
ipf,2,1,ipf,none,,mct4,823670485,7314046
ipf,2,1,ipf,none,,mct4,768951106,22192378
ipf,2,1,control,none,,mct1,513041045,15322
ipf,2,1,control,none,,mct1,457462027,10293
ipf,2,1,control,none,,mct1,585487463,7896
ipf,2,1,ipf,none,,mct1,398528603,413694
ipf,2,1,ipf,none,,mct1,603197672,4145024
ipf,2,1,ipf,none,,mct1,719179373,8098664
ipf,2,1,ipf,none,,mct1,795958207,4927715
ipf,2,1,ipf,none,,mct1,823670485,2182539
ipf,2,1,ipf,none	,,mct1,768951106,4219519
untreated,2,1,control,none	,,mct1,1975272572,61960437
untreated,2,1,tgfb,none	,,mct1,1798655404,71980029
untreated,2,2,control,none	,,mct1,1301147120,25347366
untreated,2,2,tgfb,none	,,mct1,1306420388,85808448
untreated,2,3,control,none	,,mct1,1152525920,31900176
untreated,2,3,tgfb,none	,,mct1,1543651928,77639067
untreated,2,4,control,none	,,mct1,2033861830,63441576
untreated,2,4,tgfb,none	,,mct1,2230436572,119617047
untreated,2,1,control,none,,col1a1,1975272572,32420718
untreated,2,1,tgfb,none,,col1a1,1798655404,156135177
untreated,2,2,control,none,,col1a1,1301147120,1038411
untreated,2,2,tgfb,none,,col1a1,1306420388,180438291
untreated,2,3,control,none,,col1a1,1152525920,9421731
untreated,2,3,tgfb,none,,col1a1,1543651928,175095360
untreated,2,4,control,none,,col1a1,2033861830,9503208
untreated,2,4,tgfb,none	,,col1a1,2230436572,162874305
untreated,2,1,control,none,,mct4,2150053515,14162841
untreated,2,1,tgfb,none,,mct4,2066086131,21332808
untreated,2,2,control,none,,mct4,1768890033,8782389
untreated,2,2,tgfb,none,,mct4,1656118377,13964391
untreated,2,3,control,none,,mct4,1755816282,3792474
untreated,2,3,tgfb,none,,mct4,1647609633,13611654
untreated,2,4,control,none,,mct4,1877099337,8016687
untreated,2,4,tgfb,none,,mct4,1960150569,30577176
untreated,2,1,control,none,,fn1,2150053515,3306928
untreated,2,1,tgfb,none,,fn1,2066086131,15946346
untreated,2,2,control,none,,fn1,1768890033,2967280
untreated,2,2,tgfb,none,,fn1,1656118377,10197328
untreated,2,3,control,none,,fn1,1755816282,2149944
untreated,2,3,tgfb,none,,fn1,1647609633,15880574
untreated,2,4,control,none,,fn1,1877099337,2259680
untreated,2,4,tgfb,none	,,fn1,1960150569,8936234
untreated,2,1,control,none,,sma,2150053515,1068880
untreated,2,1,tgfb,none,,sma,2066086131,25329046
untreated,2,2,control,none,,sma,1768890033,635376
untreated,2,2,tgfb,none,,sma,1656118377,27892126
untreated,2,3,control,none,,sma,1755816282,595882
untreated,2,3,tgfb,none,,sma,1647609633,26946626
untreated,2,4,control,none,,sma,1877099337,970734
untreated,2,4,tgfb,none,,sma,1960150569,22066172
ipf-lf,1,1,control,DMSO,,sma,19814396,560326
ipf-lf,1,2,control,DMSO,,sma,17071027,429351
ipf-lf,1,3,control,DMSO,,sma,17972514,441883
ipf-lf,1,1,control,AZD3965,,sma,16203478,194935
ipf-lf,1,2,control,AZD3965,,sma,15575341,367757
ipf-lf,1,3,control,AZD3965,,sma,16129922,396929
ipf-lf,1,1,control,VB124,,sma,18405330,166283
ipf-lf,1,2,control,VB124,,sma,17930411,516321
ipf-lf,1,3,control,VB124,,sma,20611087,394316
ipf-lf,1,1,control,AZD/VB,,sma,20020793,157703
ipf-lf,1,2,control,AZD/VB,,sma,21461028,568334
ipf-lf,1,3,control,AZD/VB,,sma,18853979,440778
ipf-lf,1,1,tgfb,DMSO,,sma,18679532,1831297
ipf-lf,1,2,tgfb,DMSO,,sma,18671438,3455010
ipf-lf,1,3,tgfb,DMSO,,sma,16717660,3828240
ipf-lf,1,1,tgfb,AZD3965,,sma,15743995,1903850
ipf-lf,1,2,tgfb,AZD3965,,sma,18459915,3437642
ipf-lf,1,3,tgfb,AZD3965,,sma,25387257,3381716
ipf-lf,1,1,tgfb,VB124,,sma,22752864,1314118
ipf-lf,1,2,tgfb,VB124,,sma,21314555,3416335
ipf-lf,1,3,tgfb,VB124,,sma,19436712,3405142
ipf-lf,1,1,tgfb,AZD/VB,,sma,16166487,834613
ipf-lf,1,2,tgfb,AZD/VB,,sma,17066709,2698033
ipf-lf,1,3,tgfb,AZD/VB,,sma,18781909,3489356
ipf-lf,1,1,control,DMSO,,col1a1,19814396,9360
ipf-lf,1,2,control,DMSO,,col1a1,17071027,2522
ipf-lf,1,3,control,DMSO,,col1a1,17972514,2418
ipf-lf,1,1,control,AZD3965,,col1a1,16203478,3224
ipf-lf,1,2,control,AZD3965,,col1a1,15575341,2132
ipf-lf,1,3,control,AZD3965,,col1a1,16129922,1768
ipf-lf,1,1,control,VB124,,col1a1,18405330,2080
ipf-lf,1,2,control,VB124,,col1a1,17930411,6734
ipf-lf,1,3,control,VB124,,col1a1,20611087,2808
ipf-lf,1,1,control,AZD/VB,,col1a1,20020793,3874
ipf-lf,1,2,control,AZD/VB,,col1a1,21461028,3666
ipf-lf,1,3,control,AZD/VB,,col1a1,18853979,3458
ipf-lf,1,1,tgfb,DMSO,,col1a1,18679532,353964
ipf-lf,1,2,tgfb,DMSO,,col1a1,18671438,38610
ipf-lf,1,3,tgfb,DMSO,,col1a1,16717660,119652
ipf-lf,1,1,tgfb,AZD3965,,col1a1,15743995,175370
ipf-lf,1,2,tgfb,AZD3965,,col1a1,18459915,44746
ipf-lf,1,3,tgfb,AZD3965,,col1a1,25387257,54184
ipf-lf,1,1,tgfb,VB124,,col1a1,22752864,315302
ipf-lf,1,2,tgfb,VB124,,col1a1,21314555,76102
ipf-lf,1,3,tgfb,VB124,,col1a1,19436712,22984
ipf-lf,1,1,tgfb,AZD/VB,,col1a1,16166487,13546
ipf-lf,1,2,tgfb,AZD/VB,,col1a1,17066709,3250
ipf-lf,1,3,tgfb,AZD/VB,,col1a1,18781909,6240
bleo,1,1,control,vehicle,,sma,127523127,8403000
bleo,1,2,control,vehicle,,sma,132566044,8567720
bleo,1,3,control,vehicle,,sma,111511904,10473000
bleo,1,4,control,vehicle,,sma,124589430,9360440
bleo,1,1,bleo,vehicle,,sma,119124060,12339920
bleo,1,2,bleo,vehicle,,sma,115310800,11197760
bleo,1,3,bleo,vehicle,,sma,129013830,9729120
bleo,1,4,bleo,vehicle,,sma,124992450,12514275
bleo,1,1,bleo,AZD3965,,sma,112686200,9506040
bleo,1,2,bleo,AZD3965,,sma,105745310,9255760
bleo,1,3,bleo,AZD3965,,sma,102048430,9473400
bleo,1,4,bleo,AZD3965,,sma,124945480,8398640
bleo,1,1,bleo,VB124,,sma,118023950,8925920
bleo,1,2,bleo,VB124,,sma,126769170,10574800
bleo,1,3,bleo,VB124,,sma,109180060,9962080
bleo,1,4,bleo,VB124,,sma,95606720,7781080
bleo,1,1,control,vehicle,,mct1,127523127,8435162
bleo,1,2,control,vehicle,,mct1,132566044,10149871
bleo,1,3,control,vehicle,,mct1,111511904,7623308
bleo,1,4,control,vehicle,,mct1,124589430,8675146
bleo,1,1,bleo,vehicle,,mct1,119124060,31992125
bleo,1,2,bleo,vehicle,,mct1,115310800,19753100
bleo,1,3,bleo,vehicle,,mct1,129013830,28683653
bleo,1,4,bleo,vehicle,,mct1,124992450,31557207
bleo,1,1,bleo,AZD3965,,mct1,112686200,11799602
bleo,1,2,bleo,AZD3965,,mct1,105745310,6308961
bleo,1,3,bleo,AZD3965,,mct1,102048430,11784179
bleo,1,4,bleo,AZD3965,,mct1,124945480,16585396
bleo,1,1,bleo,VB124,,mct1,118023950,24393197
bleo,1,2,bleo,VB124,,mct1,126769170,22969935
bleo,1,3,bleo,VB124,,mct1,109180060,24092952
bleo,1,4,bleo,VB124,,mct1,95606720,19280393
bleo,1,1,control,vehicle,,mct4,127523127,1584648
bleo,1,2,control,vehicle,,mct4,132566044,1768546
bleo,1,3,control,vehicle,,mct4,111511904,1478308
bleo,1,4,control,vehicle,,mct4,124589430,1433354
bleo,1,1,bleo,vehicle,,mct4,119124060,2731378
bleo,1,2,bleo,vehicle,,mct4,115310800,1723670
bleo,1,3,bleo,vehicle,,mct4,129013830,2485574
bleo,1,4,bleo,vehicle,,mct4,124992450,2466360
bleo,1,1,bleo,AZD3965,,mct4,112686200,1104896
bleo,1,2,bleo,AZD3965,,mct4,105745310,698022
bleo,1,3,bleo,AZD3965,,mct4,102048430,1245686
bleo,1,4,bleo,AZD3965,,mct4,124945480,1441492
bleo,1,1,bleo,VB124,,mct4,118023950,1798966
bleo,1,2,bleo,VB124,,mct4,126769170,2019680
bleo,1,3,bleo,VB124,,mct4,109180060,2256930
bleo,1,4,bleo,VB124,,mct4,95606720,1546532
lactate,1,1,control,vehicle,,sma,861596789,101691098
lactate,1,1,control,lactate,,sma,774636946,93917086
lactate,1,1,tgfb,vehicle,,sma,596871139,403091063
lactate,1,1,tgfb,lactate,,sma,678298644,501567900
lactate,1,2,control,vehicle,,sma,425244690,74892611
lactate,1,2,control,lactate,,sma,782971693,109180783
lactate,1,2,tgfb,vehicle,,sma,944724554,227926634
lactate,1,2,tgfb,lactate,,sma,713763410,310831897
lactate,1,1,control,vehicle,,mct1,861596789,266359876
lactate,1,1,control,lactate,,mct1,774636946,255006312
lactate,1,1,tgfb,vehicle,,mct1,596871139,119170394
lactate,1,1,tgfb,lactate,,mct1,678298644,129417484
lactate,1,2,control,vehicle,,mct1,425244690,128980930
lactate,1,2,control,lactate,,mct1,782971693,177385336
lactate,1,2,tgfb,vehicle,,mct1,944724554,171296332
lactate,1,2,tgfb,lactate,,mct1,713763410,153441700
lactate,1,1,control,vehicle,,mct4,861596789,429788268
lactate,1,1,control,lactate,,mct4,774636946,406150680
lactate,1,1,tgfb,vehicle,,mct4,596871139,364459524
lactate,1,1,tgfb,lactate,,mct4,678298644,393883932
lactate,1,2,control,vehicle,,mct4,425244690,354967236
lactate,1,2,control,lactate,,mct4,782971693,393214848
lactate,1,2,tgfb,vehicle,,mct4,944724554,453111984
lactate,1,2,tgfb,lactate,,mct4,713763410,532540008
lactate,1,1,control,vehicle,,fn1,861596789,168453184
lactate,1,1,control,lactate,,fn1,774636946,233190055
lactate,1,1,tgfb,vehicle,,fn1,596871139,380478928
lactate,1,1,tgfb,lactate,,fn1,678298644,326676873
lactate,1,2,control,vehicle,,fn1,425244690,168414377
lactate,1,2,control,lactate,,fn1,782971693,200946723
lactate,1,2,tgfb,vehicle,,fn1,944724554,296604015
lactate,1,2,tgfb,lactate,,fn1,713763410,286338280
lactate,1,3,control,vehicle,,sma,863294161,229216914
lactate,1,3,control,lactate,,sma,693118685,195810198
lactate,1,3,tgfb,vehicle,,sma,652840031,302194386
lactate,1,3,tgfb,lactate,,sma,784027926,329471472
lactate,1,4,control,vehicle,,sma,851904012,154503876
lactate,1,4,control,lactate,,sma,909860574,176922456
lactate,1,4,tgfb,vehicle,,sma,836298916,294761268
lactate,1,4,tgfb,lactate,,sma,839190391,362525160
lactate,1,3,control,vehicle,,col1a1,863294161,200351616
lactate,1,3,control,lactate,,col1a1,693118685,155530752
lactate,1,3,tgfb,vehicle,,col1a1,652840031,260986752
lactate,1,3,tgfb,lactate,,col1a1,784027926,292149888
lactate,1,4,control,vehicle,,col1a1,851904012,159626112
lactate,1,4,control,lactate,,col1a1,909860574,151649280
lactate,1,4,tgfb,vehicle,,col1a1,836298916,264294336
lactate,1,4,tgfb,lactate,,col1a1,839190391,226963968
dual,5,1,control,DMSO,,pampk,794758608,282064510
dual,5,1,control,AZD3965,,pampk,951684298,285805702
dual,5,1,control,VB124,,pampk,1215824728,281214206
dual,5,1,control,AZD/VB,,pampk,806761326,201461806
dual,5,1,tgfb,DMSO,,pampk,732215994,221832884
dual,5,1,tgfb,AZD3965,,pampk,670744940,160102852
dual,5,1,tgfb,VB124,,pampk,768506100,227936618
dual,5,1,tgfb,AZD/VB,,pampk,769367620,218263682
dual,5,1,control,DMSO,,perk,794758608,351709605
dual,5,1,control,AZD3965,,perk,951684298,385518170
dual,5,1,control,VB124,,perk,1215824728,262976390
dual,5,1,control,AZD/VB,,perk,806761326,240584730
dual,5,1,tgfb,DMSO,,perk,732215994,304907195
dual,5,1,tgfb,AZD3965,,perk,670744940,290772825
dual,5,1,tgfb,VB124,,perk,768506100,178591415
dual,5,1,tgfb,AZD/VB,,perk,769367620,195989740
dual,5,1,control,DMSO,,erk,794758608,412763388
dual,5,1,control,AZD3965,,erk,951684298,363855618
dual,5,1,control,VB124,,erk,1215824728,319214316
dual,5,1,control,AZD/VB,,erk,806761326,316748514
dual,5,1,tgfb,DMSO,,erk,732215994,289198380
dual,5,1,tgfb,AZD3965,,erk,670744940,250445280
dual,5,1,tgfb,VB124,,erk,768506100,307521240
dual,5,1,tgfb,AZD/VB,,erk,769367620,342706116
dual,5,1,control,DMSO,,ampk,794758608,266370360
dual,5,1,control,AZD3965,,ampk,951684298,277619752
dual,5,1,control,VB124,,ampk,1215824728,158965512
dual,5,1,control,AZD/VB,,ampk,806761326,225018016
dual,5,1,tgfb,DMSO,,ampk,732215994,225257768
dual,5,1,tgfb,AZD3965,,ampk,670744940,189348328
dual,5,1,tgfb,VB124,,ampk,768506100,204075136
dual,5,1,tgfb,AZD/VB,,ampk,769367620,214505176
dual,5,1,control,DMSO,,sma,794758608,113197395
dual,5,1,control,AZD3965,,sma,951684298,102775911
dual,5,1,control,VB124,,sma,1215824728,126614772
dual,5,1,control,AZD/VB,,sma,806761326,98822745
dual,5,1,tgfb,DMSO,,sma,732215994,189087861
dual,5,1,tgfb,AZD3965,,sma,670744940,172578516
dual,5,1,tgfb,VB124,,sma,768506100,142416090
dual,5,1,tgfb,AZD/VB,,sma,769367620,119285073
dual,5,1,control,DMSO,,col1a1,410322208,3241800
dual,5,1,control,AZD3965,,col1a1,555448712,7681185
dual,5,1,control,VB124,,col1a1,545074792,8733150
dual,5,1,control,AZD/VB,,col1a1,440283848,6471000
dual,5,1,tgfb,DMSO,,col1a1,517214800,22497975
dual,5,1,tgfb,AZD3965,,col1a1,397860992,18879525
dual,5,1,tgfb,VB124,,col1a1,468895848,14337630
dual,5,1,tgfb,AZD/VB,,col1a1,486247784,13785075
dual,5,2,control,DMSO,,erk,718932181,343005762
dual,5,2,control,AZD3965,,erk,714928823,221600958
dual,5,2,control,VB124,,erk,531334731,174891708
dual,5,2,control,AZD/VB,,erk,471852339,212659008
dual,5,2,tgfb,DMSO,,erk,531949588,122076822
dual,5,2,tgfb,AZD3965,,erk,518553778,205493544
dual,5,2,tgfb,VB124,,erk,647143599,173027802
dual,5,2,tgfb,AZD/VB,,erk,782860476,235550772
dual,5,2,control,DMSO,,perk,718932181,359209524
dual,5,2,control,AZD3965,,perk,714928823,460889772
dual,5,2,control,VB124,,perk,531334731,247978548
dual,5,2,control,AZD/VB,,perk,471852339,208111494
dual,5,2,tgfb,DMSO,,perk,531949588,301177338
dual,5,2,tgfb,AZD3965,,perk,518553778,334136538
dual,5,2,tgfb,VB124,,perk,647143599,266326146
dual,5,2,tgfb,AZD/VB,,perk,782860476,286145376
dual,5,2,control,DMSO,,pampk,718932181,235735098
dual,5,2,control,AZD3965,,pampk,714928823,278579640
dual,5,2,control,VB124,,pampk,531334731,208002312
dual,5,2,control,AZD/VB,,pampk,471852339,155991318
dual,5,2,tgfb,DMSO,,pampk,531949588,161138868
dual,5,2,tgfb,AZD3965,,pampk,518553778,163125906
dual,5,2,tgfb,VB124,,pampk,647143599,210596082
dual,5,2,tgfb,AZD/VB,,pampk,782860476,264249456
dual,5,2,control,DMSO,,ampk,718932181,17159085
dual,5,2,control,AZD3965,,ampk,714928823,17593920
dual,5,2,control,VB124,,ampk,531334731,14281110
dual,5,2,control,AZD/VB,,ampk,471852339,11121345
dual,5,2,tgfb,DMSO,,ampk,531949588,11462625
dual,5,2,tgfb,AZD3965,,ampk,518553778,14204835
dual,5,2,tgfb,VB124,,ampk,647143599,16959645
dual,5,2,tgfb,AZD/VB,,ampk,782860476,10133100
dual,5,2,control,DMSO,,pakt,737135163,2377892
dual,5,2,control,AZD3965,,pakt,820941294,2060344
dual,5,2,control,VB124,,pakt,487279041,530640
dual,5,2,control,AZD/VB,,pakt,618569646,413688
dual,5,2,tgfb,DMSO,,pakt,469554393,1140964
dual,5,2,tgfb,AZD3965,,pakt,459221115,1193016
dual,5,2,tgfb,VB124,,pakt,680058195,1286824
dual,5,2,tgfb,AZD/VB,,pakt,649621635,1504580
dual,5,2,control,DMSO,,akt,737135163,328992
dual,5,2,control,AZD3965,,akt,820941294,1235238
dual,5,2,control,VB124,,akt,487279041,470212
dual,5,2,control,AZD/VB,,akt,618569646,4634086
dual,5,2,tgfb,DMSO,,akt,469554393,389436
dual,5,2,tgfb,AZD3965,,akt,459221115,127328
dual,5,2,tgfb,VB124,,akt,680058195,137954
dual,5,2,tgfb,AZD/VB,,akt,649621635,68816
dual,5,2,control,DMSO,,sma,737135163,1261215
dual,5,2,control,AZD3965,,sma,820941294,1394910
dual,5,2,control,VB124,,sma,487279041,934965
dual,5,2,control,AZD/VB,,sma,618569646,1082070
dual,5,2,tgfb,DMSO,,sma,469554393,24082470
dual,5,2,tgfb,AZD3965,,sma,459221115,15043545
dual,5,2,tgfb,VB124,,sma,680058195,14533740
dual,5,2,tgfb,AZD/VB,,sma,649621635,10931895
dual,5,2,control,DMSO,,col1a1,737135163,5731704
dual,5,2,control,AZD3965,,col1a1,820941294,4771888
dual,5,2,control,VB124,,col1a1,487279041,8093712
dual,5,2,control,AZD/VB,,col1a1,618569646,6123788
dual,5,2,tgfb,DMSO,,col1a1,469554393,14615304
dual,5,2,tgfb,AZD3965,,col1a1,459221115,12400872
dual,5,2,tgfb,VB124,,col1a1,680058195,13483932
dual,5,2,tgfb,AZD/VB,,col1a1,649621635,6217992
ipf-lf,2,1,control,DMSO,,sma,146365932,3550702
ipf-lf,2,2,control,DMSO,,sma,165618789,2831676
ipf-lf,2,3,control,DMSO,,sma,123915661,2774633
ipf-lf,2,1,control,AZD3965,,sma,105236768,3129564
ipf-lf,2,2,control,AZD3965,,sma,130509928,2209481
ipf-lf,2,3,control,AZD3965,,sma,157675025,2293987
ipf-lf,2,1,control,VB124,,sma,133988715,2397198
ipf-lf,2,2,control,VB124,,sma,159103261,1657437
ipf-lf,2,3,control,VB124,,sma,145795589,2600807
ipf-lf,2,1,control,AZD/VB,,sma,125690022,2287317
ipf-lf,2,2,control,AZD/VB,,sma,138537117,1442170
ipf-lf,2,3,control,AZD/VB,,sma,157241641,2513720
ipf-lf,2,1,tgfb,DMSO,,sma,134117935,14785186
ipf-lf,2,2,tgfb,DMSO,,sma,125066855,7737606
ipf-lf,2,3,tgfb,DMSO,,sma,115688039,12989883
ipf-lf,2,1,tgfb,AZD3965,,sma,122964829,15860622
ipf-lf,2,2,tgfb,AZD3965,,sma,127252874,9406034
ipf-lf,2,3,tgfb,AZD3965,,sma,103341210,16333351
ipf-lf,2,1,tgfb,VB124,,sma,103424990,16551692
ipf-lf,2,2,tgfb,VB124,,sma,117581680,8205289
ipf-lf,2,3,tgfb,VB124,,sma,98178161,14840344
ipf-lf,2,1,tgfb,AZD/VB,,sma,145079909,12374561
ipf-lf,2,2,tgfb,AZD/VB,,sma,183993447,5295255
ipf-lf,2,3,tgfb,AZD/VB,,sma,235547612,12619901
ipf-lf,2,1,control,DMSO,,col1a1,146365932,101472
ipf-lf,2,2,control,DMSO,,col1a1,165618789,178962
ipf-lf,2,3,control,DMSO,,col1a1,123915661,7665
ipf-lf,2,1,control,AZD3965,,col1a1,105236768,15036
ipf-lf,2,2,control,AZD3965,,col1a1,130509928,14511
ipf-lf,2,3,control,AZD3965,,col1a1,157675025,6972
ipf-lf,2,1,control,VB124,,col1a1,133988715,5166
ipf-lf,2,2,control,VB124,,col1a1,159103261,8715
ipf-lf,2,3,control,VB124,,col1a1,145795589,7854
ipf-lf,2,1,control,AZD/VB,,col1a1,125690022,8841
ipf-lf,2,2,control,AZD/VB,,col1a1,138537117,10899
ipf-lf,2,3,control,AZD/VB,,col1a1,157241641,12117
ipf-lf,2,1,tgfb,DMSO,,col1a1,134117935,168336
ipf-lf,2,2,tgfb,DMSO,,col1a1,125066855,117537
ipf-lf,2,3,tgfb,DMSO,,col1a1,115688039,35448
ipf-lf,2,1,tgfb,AZD3965,,col1a1,122964829,102354
ipf-lf,2,2,tgfb,AZD3965,,col1a1,127252874,119595
ipf-lf,2,3,tgfb,AZD3965,,col1a1,103341210,57666
ipf-lf,2,1,tgfb,VB124,,col1a1,103424990,48783
ipf-lf,2,2,tgfb,VB124,,col1a1,117581680,37674
ipf-lf,2,3,tgfb,VB124,,col1a1,98178161,25914
ipf-lf,2,1,tgfb,AZD/VB,,col1a1,145079909,30198
ipf-lf,2,2,tgfb,AZD/VB,,col1a1,183993447,29484
ipf-lf,2,3,tgfb,AZD/VB,,col1a1,235547612,32529
ipf-lf,3,1,control,DMSO,,sma,198754034,2569056
ipf-lf,3,2,control,DMSO,,sma,145522288,1200472
ipf-lf,3,3,control,DMSO,,sma,131182898,4638676
ipf-lf,3,1,control,AZD3965,,sma,119599623,1954624
ipf-lf,3,2,control,AZD3965,,sma,139763026,1202712
ipf-lf,3,3,control,AZD3965,,sma,134061361,3850560
ipf-lf,3,1,control,VB124,,sma,106362679,1927156
ipf-lf,3,2,control,VB124,,sma,155098501,1122772
ipf-lf,3,3,control,VB124,,sma,152137840,4894596
ipf-lf,3,1,control,AZD/VB,,sma,127471286,1925168
ipf-lf,3,2,control,AZD/VB,,sma,134251672,1064952
ipf-lf,3,3,control,AZD/VB,,sma,174423353,4304244
ipf-lf,3,1,tgfb,DMSO,,sma,124998557,10287136
ipf-lf,3,2,tgfb,DMSO,,sma,129550472,8190510
ipf-lf,3,3,tgfb,DMSO,,sma,127475739,14452138
ipf-lf,3,1,tgfb,AZD3965,,sma,160935946,12066780
ipf-lf,3,2,tgfb,AZD3965,,sma,154105482,8458567
ipf-lf,3,3,tgfb,AZD3965,,sma,142584914,13341873
ipf-lf,3,1,tgfb,VB124,,sma,139628998,5714968
ipf-lf,3,2,tgfb,VB124,,sma,135863950,6014036
ipf-lf,3,3,tgfb,VB124,,sma,147574172,9720508
ipf-lf,3,1,tgfb,AZD/VB,,sma,128539568,5892320
ipf-lf,3,2,tgfb,AZD/VB,,sma,145775744,4059972
ipf-lf,3,3,tgfb,AZD/VB,,sma,202019981,9793112
ipf-lf,3,1,control,DMSO,,col1a1,198754034,88536
ipf-lf,3,2,control,DMSO,,col1a1,145522288,69090
ipf-lf,3,3,control,DMSO,,col1a1,131182898,33810
ipf-lf,3,1,control,AZD3965,,col1a1,119599623,51219
ipf-lf,3,2,control,AZD3965,,col1a1,139763026,26691
ipf-lf,3,3,control,AZD3965,,col1a1,134061361,19992
ipf-lf,3,1,control,VB124,,col1a1,106362679,5544
ipf-lf,3,2,control,VB124,,col1a1,155098501,18144
ipf-lf,3,3,control,VB124,,col1a1,152137840,10437
ipf-lf,3,1,control,AZD/VB,,col1a1,127471286,12642
ipf-lf,3,2,control,AZD/VB,,col1a1,134251672,40278
ipf-lf,3,3,control,AZD/VB,,col1a1,174423353,13587
ipf-lf,3,1,tgfb,DMSO,,col1a1,124998557,1770888
ipf-lf,3,2,tgfb,DMSO,,col1a1,129550472,610764
ipf-lf,3,3,tgfb,DMSO,,col1a1,127475739,1036455
ipf-lf,3,1,tgfb,AZD3965,,col1a1,160935946,361431
ipf-lf,3,2,tgfb,AZD3965,,col1a1,154105482,452151
ipf-lf,3,3,tgfb,AZD3965,,col1a1,142584914,1335495
ipf-lf,3,1,tgfb,VB124,,col1a1,139628998,179550
ipf-lf,3,2,tgfb,VB124,,col1a1,135863950,269955
ipf-lf,3,3,tgfb,VB124,,col1a1,147574172,121506
ipf-lf,3,1,tgfb,AZD/VB,,col1a1,128539568,313971
ipf-lf,3,2,tgfb,AZD/VB,,col1a1,145775744,373086
ipf-lf,3,3,tgfb,AZD/VB,,col1a1,202019981,256872
comp,1,1,nhlf,none,,sma,130415216,79467089
comp,1,1,nhlf,none,,sma,257481024,139148462
comp,1,1,nhlf,none,,sma,355732203,78373763
comp,1,1,nhlf,none,,sma,255734532,131438588
comp,1,1,nhlf,none,,sma,347956567,90856229
comp,1,1,nhlf,none,,sma,335356987,114519676
comp,1,1,nhlf,none,,sma,228647832,76224053
comp,1,1,ipf-lf,none,,sma,639349561,156710322
comp,1,1,ipf-lf,none,,sma,552997636,214020534
comp,1,1,ipf-lf,none,,sma,453703566,204090591
comp,1,1,ipf-lf,none,,sma,276033244,94930960
comp,1,1,ipf-lf,none,,sma,232330989,63938611
comp,1,1,nhlf,none,,mct1,130415216,115195210
comp,1,1,nhlf,none,,mct1,257481024,164302190
comp,1,1,nhlf,none,,mct1,355732203,249230800
comp,1,1,nhlf,none,,mct1,255734532,169477360
comp,1,1,nhlf,none,,mct1,347956567,260461110
comp,1,1,nhlf,none,,mct1,335356987,264430530
comp,1,1,nhlf,none,,mct1,228647832,208617370
comp,1,1,ipf-lf,none,,mct1,639349561,353446080
comp,1,1,ipf-lf,none,,mct1,552997636,251074330
comp,1,1,ipf-lf,none,,mct1,453703566,331932120
comp,1,1,ipf-lf,none,,mct1,276033244,280603700
comp,1,1,ipf-lf,none,,mct1,232330989,226201690
comp,1,1,nhlf,none,,mct4,130415216,114747223
comp,1,1,nhlf,none,,mct4,257481024,194002092
comp,1,1,nhlf,none,,mct4,355732203,274388146
comp,1,1,nhlf,none,,mct4,255734532,239271631
comp,1,1,nhlf,none,,mct4,347956567,231490362
comp,1,1,nhlf,none,,mct4,335356987,212657933
comp,1,1,nhlf,none,,mct4,228647832,181874767
comp,1,1,ipf-lf,none,,mct4,639349561,247102025
comp,1,1,ipf-lf,none,,mct4,552997636,253296753
comp,1,1,ipf-lf,none,,mct4,453703566,321566748
comp,1,1,ipf-lf,none,,mct4,276033244,309525097
comp,1,1,ipf-lf,none,,mct4,232330989,255087654
dual,5,3,control,DMSO,,pampk,305009130,144708
dual,5,3,control,AZD3965,,pampk,240855200,272637870
dual,5,3,control,VB124,,pampk,267593990,187023000
dual,5,3,control,AZD/VB,,pampk,264311720,177252234
dual,5,3,tgfb,DMSO,,pampk,248663125,110078892
dual,5,3,tgfb,AZD3965,,pampk,349610040,243833910
dual,5,3,tgfb,VB124,,pampk,294727200,189875496
dual,5,3,tgfb,AZD/VB,,pampk,431230930,232493490
dual,5,3,control,DMSO,,perk,305009130,31717650
dual,5,3,control,AZD3965,,perk,240855200,350684214
dual,5,3,control,VB124,,perk,267593990,201940758
dual,5,3,control,AZD/VB,,perk,264311720,171465588
dual,5,3,tgfb,DMSO,,perk,248663125,416138172
dual,5,3,tgfb,AZD3965,,perk,349610040,427233816
dual,5,3,tgfb,VB124,,perk,294727200,242398734
dual,5,3,tgfb,AZD/VB,,perk,431230930,299448840
dual,5,3,control,DMSO,,erk,305009130,26968742
dual,5,3,control,AZD3965,,erk,240855200,28378090
dual,5,3,control,VB124,,erk,267593990,24777762
dual,5,3,control,AZD/VB,,erk,264311720,24175622
dual,5,3,tgfb,DMSO,,erk,248663125,21948394
dual,5,3,tgfb,AZD3965,,erk,349610040,29167036
dual,5,3,tgfb,VB124,,erk,294727200,27058488
dual,5,3,tgfb,AZD/VB,,erk,431230930,30057550
dual,5,3,control,DMSO,,pakt,174651300,18985560
dual,5,3,control,AZD3965,,pakt,209864340,20990816
dual,5,3,control,VB124,,pakt,213226740,13106280
dual,5,3,control,AZD/VB,,pakt,193636260,14407932
dual,5,3,tgfb,DMSO,,pakt,233071380,11544236
dual,5,3,tgfb,AZD3965,,pakt,240223860,13511036
dual,5,3,tgfb,VB124,,pakt,248132160,15611816
dual,5,3,tgfb,AZD/VB,,pakt,217103580,14311704
dual,5,3,control,DMSO,,akt,174651300,10304010
dual,5,3,control,AZD3965,,akt,209864340,18606375
dual,5,3,control,VB124,,akt,213226740,18488745
dual,5,3,control,AZD/VB,,akt,193636260,17630370
dual,5,3,tgfb,DMSO,,akt,233071380,19471050
dual,5,3,tgfb,AZD3965,,akt,240223860,21070350
dual,5,3,tgfb,VB124,,akt,248132160,20282985
dual,5,3,tgfb,AZD/VB,,akt,217103580,20953980
dual,5,3,control,DMSO,,col1a1,174651300,3735
dual,5,3,control,AZD3965,,col1a1,209864340,604035
dual,5,3,control,VB124,,col1a1,213226740,597915
dual,5,3,control,AZD/VB,,col1a1,193636260,449055
dual,5,3,tgfb,DMSO,,col1a1,233071380,10940040
dual,5,3,tgfb,AZD3965,,col1a1,240223860,14790735
dual,5,3,tgfb,VB124,,col1a1,248132160,11280330
dual,5,3,tgfb,AZD/VB,,col1a1,217103580,13165695
dual,5,3,control,DMSO,,sma,174651300,542745
dual,5,3,control,AZD3965,,sma,209864340,1610235
dual,5,3,control,VB124,,sma,213226740,1823445
dual,5,3,control,AZD/VB,,sma,193636260,1671525
dual,5,3,tgfb,DMSO,,sma,233071380,22006125
dual,5,3,tgfb,AZD3965,,sma,240223860,21006810
dual,5,3,tgfb,VB124,,sma,248132160,13503015
dual,5,3,tgfb,AZD/VB,,sma,217103580,9659025
dual,5,4,control,DMSO,,pampk,444509268,8765116
dual,5,4,control,AZD3965,,pampk,492620530,10576366
dual,5,4,control,VB124,,pampk,328225319,8440770
dual,5,4,control,AZD/VB,,pampk,215404304,3068154
dual,5,4,tgfb,DMSO,,pampk,316533755,5233926
dual,5,4,tgfb,AZD3965,,pampk,324679866,5061012
dual,5,4,tgfb,VB124,,pampk,355606949,8421772
dual,5,4,tgfb,AZD/VB,,pampk,507377469,13899130
dual,5,4,control,DMSO,,ampk,444509268,14055576
dual,5,4,control,AZD3965,,ampk,492620530,15738486
dual,5,4,control,VB124,,ampk,328225319,7156312
dual,5,4,control,AZD/VB,,ampk,215404304,6784724
dual,5,4,tgfb,DMSO,,ampk,316533755,11038620
dual,5,4,tgfb,AZD3965,,ampk,324679866,9563446
dual,5,4,tgfb,VB124,,ampk,355606949,11004810
dual,5,4,tgfb,AZD/VB,,ampk,507377469,17491592
dual,5,4,control,DMSO,,perk,444509268,17284040
dual,5,4,control,AZD3965,,perk,492620530,20140548
dual,5,4,control,VB124,,perk,328225319,18139088
dual,5,4,control,AZD/VB,,perk,215404304,7286584
dual,5,4,tgfb,DMSO,,perk,316533755,15903580
dual,5,4,tgfb,AZD3965,,perk,324679866,25089504
dual,5,4,tgfb,VB124,,perk,355606949,15718062
dual,5,4,tgfb,AZD/VB,,perk,507377469,23503148
dual,5,4,control,DMSO,,erk,444509268,29237508
dual,5,4,control,AZD3965,,erk,492620530,30930722
dual,5,4,control,VB124,,erk,328225319,17817686
dual,5,4,control,AZD/VB,,erk,215404304,16471634
dual,5,4,tgfb,DMSO,,erk,316533755,19678616
dual,5,4,tgfb,AZD3965,,erk,324679866,19809992
dual,5,4,tgfb,VB124,,erk,355606949,21233370
dual,5,4,tgfb,AZD/VB,,erk,507377469,25109790
dual,5,4,control,DMSO,,akt,484334424,19377914
dual,5,4,control,AZD3965,,akt,617847993,21733482
dual,5,4,control,VB124,,akt,431229204,16243750
dual,5,4,control,AZD/VB,,akt,405020196,15908272
dual,5,4,tgfb,DMSO,,akt,607219578,20304906
dual,5,4,tgfb,AZD3965,,akt,459416097,15430562
dual,5,4,tgfb,VB124,,akt,657338787,15922670
dual,5,4,tgfb,AZD/VB,,akt,608573385,19379340
dual,5,4,control,DMSO,,pakt,484334424,23670765
dual,5,4,control,AZD3965,,pakt,617847993,19524105
dual,5,4,control,VB124,,pakt,431229204,19318590
dual,5,4,control,AZD/VB,,pakt,405020196,21624030
dual,5,4,tgfb,DMSO,,pakt,607219578,19701720
dual,5,4,tgfb,AZD3965,,pakt,459416097,18784530
dual,5,4,tgfb,VB124,,pakt,657338787,21756825
dual,5,4,tgfb,AZD/VB,,pakt,608573385,15129810
dual,5,4,control,DMSO,,col1a1,484334424,6811501
dual,5,4,control,AZD3965,,col1a1,617847993,9908232
dual,5,4,control,VB124,,col1a1,431229204,5948147
dual,5,4,control,AZD/VB,,col1a1,405020196,6345037
dual,5,4,tgfb,DMSO,,col1a1,607219578,20518826
dual,5,4,tgfb,AZD3965,,col1a1,459416097,16426602
dual,5,4,tgfb,VB124,,col1a1,657338787,1424203
dual,5,4,tgfb,AZD/VB,,col1a1,608573385,1828016
dual,5,4,control,DMSO,,sma,484334424,2685690
dual,5,4,control,AZD3965,,sma,617847993,2246850
dual,5,4,control,VB124,,sma,431229204,2029455
dual,5,4,control,AZD/VB,,sma,405020196,2975085
dual,5,4,tgfb,DMSO,,sma,607219578,22635540
dual,5,4,tgfb,AZD3965,,sma,459416097,23222385
dual,5,4,tgfb,VB124,,sma,657338787,13754250
dual,5,4,tgfb,AZD/VB,,sma,608573385,6547770
dual,5,5,control,DMSO,,pakt,196983776,16271145
dual,5,5,control,AZD3965,,pakt,159944400,7342470
dual,5,5,control,VB124,,pakt,231295680,7304895
dual,5,5,control,AZD/VB,,pakt,233543200,5526945
dual,5,5,tgfb,DMSO,,pakt,245923744,8012520
dual,5,5,tgfb,AZD3965,,pakt,210945856,5897205
dual,5,5,tgfb,VB124,,pakt,270353248,3129480
dual,5,5,tgfb,AZD/VB,,pakt,237005824,2889180
dual,5,5,control,DMSO,,akt,196983776,134100
dual,5,5,control,AZD3965,,akt,159944400,182475
dual,5,5,control,VB124,,akt,231295680,202230
dual,5,5,control,AZD/VB,,akt,233543200,72405
dual,5,5,tgfb,DMSO,,akt,245923744,346590
dual,5,5,tgfb,AZD3965,,akt,210945856,269415
dual,5,5,tgfb,VB124,,akt,270353248,190215
dual,5,5,tgfb,AZD/VB,,akt,237005824,182430
dual,5,5,control,DMSO,,sma,196983776,1718146
dual,5,5,control,AZD3965,,sma,159944400,2251240
dual,5,5,control,VB124,,sma,231295680,2009556
dual,5,5,control,AZD/VB,,sma,233543200,2269134
dual,5,5,tgfb,DMSO,,sma,245923744,21782978
dual,5,5,tgfb,AZD3965,,sma,210945856,21755562
dual,5,5,tgfb,VB124,,sma,270353248,22879986
dual,5,5,tgfb,AZD/VB,,sma,237005824,20772910
dual,5,5,control,DMSO,,col1a1,196983776,1454112
dual,5,5,control,AZD3965,,col1a1,159944400,2366980
dual,5,5,control,VB124,,col1a1,231295680,1293160
dual,5,5,control,AZD/VB,,col1a1,233543200,1051116
dual,5,5,tgfb,DMSO,,col1a1,245923744,16013184
dual,5,5,tgfb,AZD3965,,col1a1,210945856,4681688
dual,5,5,tgfb,VB124,,col1a1,270353248,5738128
dual,5,5,tgfb,AZD/VB,,col1a1,237005824,1555840
dual,5,5,control,DMSO,,perk,509530658,22221220
dual,5,5,control,AZD3965,,perk,469870856,22335438
dual,5,5,control,VB124,,perk,523602170,17471950
dual,5,5,control,AZD/VB,,perk,436119866,17394808
dual,5,5,tgfb,DMSO,,perk,476768292,21146706
dual,5,5,tgfb,AZD3965,,perk,394380714,16543716
dual,5,5,tgfb,VB124,,perk,849778202,18454878
dual,5,5,tgfb,AZD/VB,,perk,606120788,18961246
dual,5,5,control,DMSO,,erk,509530658,30256316
dual,5,5,control,AZD3965,,erk,469870856,30601592
dual,5,5,control,VB124,,erk,523602170,29713976
dual,5,5,control,AZD/VB,,erk,436119866,31158054
dual,5,5,tgfb,DMSO,,erk,476768292,28188846
dual,5,5,tgfb,AZD3965,,erk,394380714,22729520
dual,5,5,tgfb,VB124,,erk,849778202,29916146
dual,5,5,tgfb,AZD/VB,,erk,606120788,26671766
dual,5,5,control,DMSO,,pampk,509530658,9129022
dual,5,5,control,AZD3965,,pampk,469870856,10067376
dual,5,5,control,VB124,,pampk,523602170,6084190
dual,5,5,control,AZD/VB,,pampk,436119866,5444330
dual,5,5,tgfb,DMSO,,pampk,476768292,8707386
dual,5,5,tgfb,AZD3965,,pampk,394380714,2308970
dual,5,5,tgfb,VB124,,pampk,849778202,13340460
dual,5,5,tgfb,AZD/VB,,pampk,606120788,9799334
dual,5,5,control,DMSO,,ampk,509530658,13286088
dual,5,5,control,AZD3965,,ampk,469870856,10415826
dual,5,5,control,VB124,,ampk,523602170,11573094
dual,5,5,control,AZD/VB,,ampk,436119866,7194032
dual,5,5,tgfb,DMSO,,ampk,476768292,9409346
dual,5,5,tgfb,AZD3965,,ampk,394380714,3916854
dual,5,5,tgfb,VB124,,ampk,849778202,15233682
dual,5,5,tgfb,AZD/VB,,ampk,606120788,9335424
ipf-lf,1,4,control,DMSO,,col1a1,633261261,86022
ipf-lf,1,4,control,AZD3965,,col1a1,636522157,59472
ipf-lf,1,4,control,VB124,,col1a1,506014641,100359
ipf-lf,1,4,control,AZD/VB,,col1a1,616748993,128502
ipf-lf,1,4,tgfb,DMSO,,col1a1,684803364,160004814
ipf-lf,1,4,tgfb,AZD3965,,col1a1,435346449,315768
ipf-lf,1,4,tgfb,VB124,,col1a1,572120366,186912
ipf-lf,1,4,tgfb,AZD/VB,,col1a1,700984764,97350
ipf-lf,1,4,control,DMSO,,sma,183801357,60264828
ipf-lf,1,4,control,AZD3965,,sma,126545781,46176207
ipf-lf,1,4,control,VB124,,sma,158160312,64382328
ipf-lf,1,4,control,AZD/VB,,sma,230777823,85960956
ipf-lf,1,4,tgfb,DMSO,,sma,143862888,241660467
ipf-lf,1,4,tgfb,AZD3965,,sma,158367102,246766716
ipf-lf,1,4,tgfb,VB124,,sma,110112747,189991332
ipf-lf,1,4,tgfb,AZD/VB,,sma,165738159,129233136
lactyl,6,1,control,DMSO,,lactylk,675480141,10355072
lactyl,6,1,tgfb,DMSO,,lactylk,638360730,11325080
lactyl,6,1,control,AZD3965,,lactylk,751601970,5333016
lactyl,6,1,tgfb,AZD3965,,lactylk,798373044,25504128
lactyl,6,1,control,VB124,,lactylk,844003503,9937304
lactyl,6,1,tgfb,VB124,,lactylk,822064950,18268432
lactyl,6,1,control,AZD/VB,,lactylk,758335851,63881896
lactyl,6,1,tgfb,AZD/VB,,lactylk,1043745885,80145624
lactyl,6,1,control,DMSO,,h3,675480141,123373386
lactyl,6,1,tgfb,DMSO,,h3,638360730,117617220
lactyl,6,1,control,AZD3965,,h3,751601970,114883518
lactyl,6,1,tgfb,AZD3965,,h3,798373044,118387320
lactyl,6,1,control,VB124,,h3,844003503,122892354
lactyl,6,1,tgfb,VB124,,h3,822064950,121784838
lactyl,6,1,control,AZD/VB,,h3,758335851,105317244
lactyl,6,1,tgfb,AZD/VB,,h3,1043745885,125579034
lactyl,6,2,control,DMSO,,lactylk,604268037,109455773
lactyl,6,2,tgfb,DMSO,,lactylk,1102704120,113769117
lactyl,6,2,control,AZD3965,,lactylk,700351542,76201937
lactyl,6,2,tgfb,AZD3965,,lactylk,825257329,72314690
lactyl,6,2,control,VB124,,lactylk,556581831,130683280
lactyl,6,2,tgfb,VB124,,lactylk,876435970,107369745
lactyl,6,2,control,AZD/VB,,lactylk,660729547,253184442
lactyl,6,2,tgfb,AZD/VB,,lactylk,878609741,376607833
lactyl,6,2,control,DMSO,,h3,604268037,613109695
lactyl,6,2,tgfb,DMSO,,h3,1102704120,554403025
lactyl,6,2,control,AZD3965,,h3,700351542,497368950
lactyl,6,2,tgfb,AZD3965,,h3,825257329,337032710
lactyl,6,2,control,VB124,,h3,556581831,446165690
lactyl,6,2,tgfb,VB124,,h3,876435970,441349625
lactyl,6,2,control,AZD/VB,,h3,660729547,467021980
lactyl,6,2,tgfb,AZD/VB,,h3,878609741,489644550
lactyl,6,3,control,DMSO,,lactylk,710093417,45621056
lactyl,6,3,tgfb,DMSO,,lactylk,1304745189,54491216
lactyl,6,3,control,AZD3965,,lactylk,820276809,45951984
lactyl,6,3,tgfb,AZD3965,,lactylk,1002978427,61416992
lactyl,6,3,control,VB124,,lactylk,736683321,21020480
lactyl,6,3,tgfb,VB124,,lactylk,1078115588,64180688
lactyl,6,3,control,AZD/VB,,lactylk,906400220,161106192
lactyl,6,3,tgfb,AZD/VB,,lactylk,1159522111,254697040
lactyl,6,3,control,DMSO,,h3,710093417,460619071
lactyl,6,3,tgfb,DMSO,,h3,1304745189,345783812
lactyl,6,3,control,AZD3965,,h3,820276809,499261917
lactyl,6,3,tgfb,AZD3965,,h3,1002978427,583566874
lactyl,6,3,control,VB124,,h3,736683321,570043947
lactyl,6,3,tgfb,VB124,,h3,1078115588,621331502
lactyl,6,3,control,AZD/VB,,h3,906400220,662531254
lactyl,6,3,tgfb,AZD/VB,,h3,1159522111,596472415
lactyl,6,4,control,DMSO,,lactylk,300193770,113328288
lactyl,6,4,tgfb,DMSO,,lactylk,478981062,171374166
lactyl,6,4,control,AZD3965,,lactylk,393827658,139402971
lactyl,6,4,tgfb,AZD3965,,lactylk,384851484,148425741
lactyl,6,4,control,VB124,,lactylk,261911808,117903618
lactyl,6,4,tgfb,VB124,,lactylk,372071052,175712508
lactyl,6,4,control,AZD/VB,,lactylk,845041710,378558837
lactyl,6,4,tgfb,AZD/VB,,lactylk,562432938,355526370
lactyl,6,4,control,DMSO,,h3,300193770,281497008
lactyl,6,4,tgfb,DMSO,,h3,478981062,378178906
lactyl,6,4,control,AZD3965,,h3,393827658,386351700
lactyl,6,4,tgfb,AZD3965,,h3,384851484,384933920
lactyl,6,4,control,VB124,,h3,261911808,414364103
lactyl,6,4,tgfb,VB124,,h3,372071052,401748760
lactyl,6,4,control,AZD/VB,,h3,845041710,497204750
lactyl,6,4,tgfb,AZD/VB,,h3,562432938,440433493
